"site","site_abbr","site_id","data_interval","timestamp","recnum","rain","snow_depth_mean","snow_depth_min","snow_depth_max","air_temp_avg","air_temp_min","air_temp_max","windspeed_avg","windspeed_max"
"Ackerman Clearing","ackerman",1,"24 hour","2018-01-18 00:00:00",497,0,0.329,0,0.381,-9.62,-12.99,-6.578,0.506,2.238
"Ackerman Clearing","ackerman",1,"24 hour","2018-01-19 00:00:00",498,0,0.367,0.343,0.393,-8.97,-12.1,-6.262,1.174,3.538
"Ackerman Clearing","ackerman",1,"24 hour","2018-01-20 00:00:00",499,0,0.373,0.361,0.38,-7.077,-8.95,-3.165,0.716,3.425
"Ackerman Clearing","ackerman",1,"24 hour","2018-01-21 00:00:00",500,0.254,0.358,0.349,0.372,-0.171,-3.205,2.421,1.857,5.375
"Ackerman Clearing","ackerman",1,"24 hour","2018-01-22 00:00:00",501,4.064,0.335,0.317,0.35,0.281,-2.617,5.041,0.641,3.25
"Ackerman Clearing","ackerman",1,"24 hour","2018-01-23 00:00:00",502,0.762,0.319,0.317,0.321,-1.079,-2.578,0.034,2.941,7.138
"Ackerman Clearing","ackerman",1,"24 hour","2018-01-24 00:00:00",503,23.37,0.305,0.292,0.319,1.761,-0.687,5.731,2.366,7.038
"Ackerman Clearing","ackerman",1,"24 hour","2018-01-25 00:00:00",504,0,0.314,0,1.61,-10,-14.75,-0.687,0,0
"Ackerman Clearing","ackerman",1,"24 hour","2018-01-26 00:00:00",505,0,0.314,0.293,0.333,-15.12,-19.5,-9.35,0,0
"Ackerman Clearing","ackerman",1,"24 hour","2018-01-27 00:00:00",506,1.016,0.314,0.307,0.32,-11.02,-19.15,-3.06,1.982,6.487
"Ackerman Clearing","ackerman",1,"24 hour","2018-01-28 00:00:00",507,2.032,0.303,0.279,0.318,-0.753,-10.7,6.068,3.044,6.912
"Ackerman Clearing","ackerman",1,"24 hour","2018-01-29 00:00:00",508,0.254,0.276,0.268,0.285,0.86,-2.809,5.179,1.079,5.237
"Ackerman Clearing","ackerman",1,"24 hour","2018-01-30 00:00:00",509,0,0.27,0.266,0.273,-3.478,-6.45,0.221,1.441,3.913
"Ackerman Clearing","ackerman",1,"24 hour","2018-01-31 00:00:00",510,0,0.27,0.26,0.285,-8.85,-14.42,-3.065,1.299,4.325
"Ackerman Clearing","ackerman",1,"24 hour","2018-02-01 00:00:00",511,0,0.273,0.263,0.301,-11.78,-18.84,-6.804,2.304,9.45
"Ackerman Clearing","ackerman",1,"24 hour","2018-02-02 00:00:00",512,0.254,0.292,0,1.61,-2.792,-6.732,2.11,2.149,5.913
"Ackerman Clearing","ackerman",1,"24 hour","2018-02-03 00:00:00",513,0,0.35,0,0.397,-15.63,-22.18,-4.695,1.376,4.837
"Ackerman Clearing","ackerman",1,"24 hour","2018-02-04 00:00:00",514,0,0.313,0,0.371,-14.34,-22.74,-8.68,1.685,5.15
"Ackerman Clearing","ackerman",1,"24 hour","2018-02-05 00:00:00",515,0,0.381,0.331,0.43,-5.168,-9.5,-3.085,3.735,7.213
"Ackerman Clearing","ackerman",1,"24 hour","2018-02-06 00:00:00",516,0,0.426,0,1.61,-9.73,-14.4,-2.406,1.173,5.463
"Ackerman Clearing","ackerman",1,"24 hour","2018-02-07 00:00:00",517,0,0.44,0.417,0.48,-9.96,-12.65,-5.525,1.038,4.363
"Ackerman Clearing","ackerman",1,"24 hour","2018-02-08 00:00:00",518,0,0.469,0,1.502,-10.81,-15.34,-7.713,2.225,7.837
"Ackerman Clearing","ackerman",1,"24 hour","2018-02-09 00:00:00",519,0,0.54,0,0.599,-11.28,-15.16,-5.878,0.942,4.538
"Ackerman Clearing","ackerman",1,"24 hour","2018-02-10 00:00:00",520,0,0.541,0,0.6,-11.03,-14.69,-8.32,2.085,6.275
"Ackerman Clearing","ackerman",1,"24 hour","2018-02-11 00:00:00",521,0,0.627,0,1.61,-3.115,-9.19,0.09,1.553,4.713
"Ackerman Clearing","ackerman",1,"24 hour","2018-02-12 00:00:00",522,9.4,0.623,0.592,0.642,-1.107,-4.106,5.824,1.356,8.05
"Ackerman Clearing","ackerman",1,"24 hour","2018-02-13 00:00:00",523,0.762,0.584,0.575,0.595,-6.018,-13.76,-0.071,1.596,4.225
"Ackerman Clearing","ackerman",1,"24 hour","2018-02-14 00:00:00",524,2.286,0.572,0.565,0.578,-10.02,-17.06,-3.248,1.686,6.475
"Ackerman Clearing","ackerman",1,"24 hour","2018-02-15 00:00:00",525,3.048,0.564,0.559,0.568,-2.916,-8.59,2.306,1.652,5
"Ackerman Clearing","ackerman",1,"24 hour","2018-02-16 00:00:00",526,5.588,0.535,0,1.499,3.255,-2.917,8.79,1.289,5.875
"Ackerman Clearing","ackerman",1,"24 hour","2018-02-17 00:00:00",527,0.254,0.481,0.469,0.49,-1.828,-11.91,4.564,1.18,4.75
"Ackerman Clearing","ackerman",1,"24 hour","2018-02-18 00:00:00",528,0.508,0.481,0.474,0.495,-7.49,-15.41,-1.974,2.462,7.938
"Ackerman Clearing","ackerman",1,"24 hour","2018-02-19 00:00:00",529,0.254,0.531,0.495,1.501,-3.959,-6.25,0.689,1.213,4.4
"Ackerman Clearing","ackerman",1,"24 hour","2018-02-20 00:00:00",530,5.842,0.516,0.471,1.501,-0.822,-6.583,4.771,3.975,8.06
"Ackerman Clearing","ackerman",1,"24 hour","2018-02-21 00:00:00",531,10.67,0.42,0.351,0.472,8.57,2.099,12.54,0.653,4
"Ackerman Clearing","ackerman",1,"24 hour","2018-02-22 00:00:00",532,0.254,0.31,0,0.36,8.04,-2.327,18.44,1.385,6.225
"Ackerman Clearing","ackerman",1,"24 hour","2018-02-23 00:00:00",533,0,0.283,0.281,0.285,-3.108,-6.013,-0.881,0.523,3.425
"Ackerman Clearing","ackerman",1,"24 hour","2018-02-24 00:00:00",534,0.254,0.284,0.278,0.293,-3.039,-7.734,3.188,3.4,9.8
"Ackerman Clearing","ackerman",1,"24 hour","2018-02-25 00:00:00",535,8.64,0.289,0.276,0.294,-0.12,-3.773,3.319,0.839,3.638
"Ackerman Clearing","ackerman",1,"24 hour","2018-02-26 00:00:00",536,2.032,0.303,0.287,0.317,-1.325,-4.051,1.427,1.992,9.64
"Ackerman Clearing","ackerman",1,"24 hour","2018-02-27 00:00:00",537,4.318,0.307,0.297,0.316,0.094,-3.298,5.686,1.305,4.563
"Ackerman Clearing","ackerman",1,"24 hour","2018-02-28 00:00:00",538,0,0.294,0.284,0.303,1.747,-5.91,9.02,1.166,5.325
"Ackerman Clearing","ackerman",1,"24 hour","2018-03-01 00:00:00",539,0.254,0.27,0.236,0.293,6.417,1.858,12.12,1.606,6.013
"Ackerman Clearing","ackerman",1,"24 hour","2018-03-02 00:00:00",540,0,0.226,0.211,0.241,1.53,-1.437,6.035,1.159,4.275
"Ackerman Clearing","ackerman",1,"24 hour","2018-03-03 00:00:00",541,0,0.232,0,0.251,-3.296,-4.544,-1.437,1.534,4.95
"Ackerman Clearing","ackerman",1,"24 hour","2018-03-04 00:00:00",542,2.794,0.235,0.213,0.251,-1.888,-3.693,1.878,1.402,4.825
"Ackerman Clearing","ackerman",1,"24 hour","2018-03-05 00:00:00",543,0,0.246,0,0.32,-4.179,-5.945,-2.347,1.103,3.837
"Ackerman Clearing","ackerman",1,"24 hour","2018-03-06 00:00:00",544,0,0.299,0,0.312,-4.844,-7.137,-2.481,0.745,2.6
"Ackerman Clearing","ackerman",1,"24 hour","2018-03-07 00:00:00",545,4.572,0.257,0.222,0.292,-1.601,-5.469,4.013,2.046,6.625
"Ackerman Clearing","ackerman",1,"24 hour","2018-03-08 00:00:00",546,0,0.263,0,0.312,-3.189,-3.945,-1.651,2.943,7.913
"Ackerman Clearing","ackerman",1,"24 hour","2018-03-09 00:00:00",547,0,0.369,0,0.462,-4.205,-6.563,-1.758,0.863,3.263
"Ackerman Clearing","ackerman",1,"24 hour","2018-03-10 00:00:00",548,0.254,0.442,0.415,0.463,-4.189,-7.362,1.36,0.948,4.1
"Ackerman Clearing","ackerman",1,"24 hour","2018-03-11 00:00:00",549,0,0.442,0,0.473,-4.117,-5.247,-2.082,1.523,4.413
"Ackerman Clearing","ackerman",1,"24 hour","2018-03-12 00:00:00",550,0,0.436,0.424,0.444,-4.547,-6.098,-1.994,1.012,3.837
"Ackerman Clearing","ackerman",1,"24 hour","2018-03-13 00:00:00",551,0,0.419,0.401,0.428,-3.876,-7.029,-1.349,1.417,5.638
"Ackerman Clearing","ackerman",1,"24 hour","2018-03-14 00:00:00",552,0,0.467,0,0.539,-3.78,-5.52,-1.602,0.839,4.962
"Ackerman Clearing","ackerman",1,"24 hour","2018-03-15 00:00:00",553,0.254,0.607,0,0.731,-3.679,-5.419,-0.541,0.997,4.088
"Ackerman Clearing","ackerman",1,"24 hour","2018-03-16 00:00:00",554,0.254,0.678,0,0.721,-4.514,-8.63,0.12,1.389,3.763
"Ackerman Clearing","ackerman",1,"24 hour","2018-03-17 00:00:00",555,0,0.586,0,0.728,-8.19,-10.7,-4.685,1.837,4.525
"Ackerman Clearing","ackerman",1,"24 hour","2018-03-18 00:00:00",556,0,0.634,0,1.61,-10.01,-18.64,-3.223,1.837,5.9
"Ackerman Clearing","ackerman",1,"24 hour","2018-03-19 00:00:00",557,0,0.589,0.566,0.607,-12.99,-21.02,-3.584,1.074,5.35
"Ackerman Clearing","ackerman",1,"24 hour","2018-03-20 00:00:00",558,0.254,0.565,0.547,0.581,-11.05,-19.59,-2.135,1.112,4.438
"Ackerman Clearing","ackerman",1,"24 hour","2018-03-21 00:00:00",559,11.68,0.537,0.515,1.501,-6.633,-16.87,3.148,0.956,3.675
"Ackerman Clearing","ackerman",1,"24 hour","2018-03-22 00:00:00",560,1.016,0.517,0.504,1.5,-3.957,-11.27,4.07,1.041,3.225
"Ackerman Clearing","ackerman",1,"24 hour","2018-03-23 00:00:00",561,0,0.491,0.466,1.499,-2.284,-8.7,5.664,1.303,4.75
"Ackerman Clearing","ackerman",1,"24 hour","2018-03-24 00:00:00",562,0,0.462,0.447,0.487,-1.957,-6.684,3.849,1.024,4.163
"Ackerman Clearing","ackerman",1,"24 hour","2018-03-25 00:00:00",563,0,0.44,0.424,0.455,-4.241,-9.97,1.341,1.29,4.325
"Ackerman Clearing","ackerman",1,"24 hour","2018-03-26 00:00:00",564,0,0.408,0.376,0.43,-2.863,-10.85,6.014,1.042,3.925
"Ackerman Clearing","ackerman",1,"24 hour","2018-03-27 00:00:00",565,0,0.369,0.346,0.392,-0.703,-9.61,7.473,1.723,5.513
"Ackerman Clearing","ackerman",1,"24 hour","2018-03-28 00:00:00",566,0,0.346,0.332,0.353,0.302,-6.016,4.171,4.536,8.9
"Ackerman Clearing","ackerman",1,"24 hour","2018-03-29 00:00:00",567,0.508,0.337,0.311,0.351,2.689,-1.417,9.95,1.015,6.075
"Ackerman Clearing","ackerman",1,"24 hour","2018-03-30 00:00:00",568,9.91,0.297,0.26,0.314,3.439,0.389,6.332,2.745,7.1
"Ackerman Clearing","ackerman",1,"24 hour","2018-03-31 00:00:00",569,7.366,0.243,0,0.275,1.628,-2.651,7.31,1.214,5.712
"Ackerman Clearing","ackerman",1,"24 hour","2018-04-01 00:00:00",570,0,0.229,0.208,0.253,1.643,-5.629,7.714,1.966,8.61
"Ackerman Clearing","ackerman",1,"24 hour","2018-04-02 00:00:00",571,2.794,0.207,0.202,0.214,-1.443,-6.734,6.052,1.85,8.56
"Ackerman Clearing","ackerman",1,"24 hour","2018-04-03 00:00:00",572,0,0.193,0.174,0.21,-2.036,-7.102,4.037,0.874,5.237
"Ackerman Clearing","ackerman",1,"24 hour","2018-04-04 00:00:00",573,0.254,0.179,0.168,0.19,-0.624,-3.981,3.626,2.988,7.213
"Ackerman Clearing","ackerman",1,"24 hour","2018-04-05 00:00:00",574,19.81,0.173,0.136,0.197,-0.886,-9.87,4.408,3.569,8.75
"Ackerman Clearing","ackerman",1,"24 hour","2018-04-06 00:00:00",575,1.27,0.157,0.143,0.185,-7.218,-12.09,-2.035,2.209,7.15
"Ackerman Clearing","ackerman",1,"24 hour","2018-04-07 00:00:00",576,0,0.173,0,0.262,-4.642,-11.49,-0.102,2.185,7.675
"Ackerman Clearing","ackerman",1,"24 hour","2018-04-08 00:00:00",577,3.048,0.213,0,1.61,-4.607,-8.95,-0.712,1.629,6.25
"Ackerman Clearing","ackerman",1,"24 hour","2018-04-09 00:00:00",578,0.762,0.195,0.17,0.202,-6.606,-11.05,-0.745,0.703,3.513
"Ackerman Clearing","ackerman",1,"24 hour","2018-04-10 00:00:00",579,1.524,0.164,0.137,0.208,-5.193,-13.98,1.627,0.813,3.725
"Ackerman Clearing","ackerman",1,"24 hour","2018-04-11 00:00:00",580,0,0.149,0.135,0.16,-2.719,-6.978,3.14,0.706,5.15
"Ackerman Clearing","ackerman",1,"24 hour","2018-04-12 00:00:00",581,0,0.147,0.128,0.157,-1.504,-8.43,3.282,1.284,6.525
"Ackerman Clearing","ackerman",1,"24 hour","2018-04-13 00:00:00",582,12.95,0.128,0.104,0.159,2.1,-1.261,7.05,2.459,7.612
"Ackerman Clearing","ackerman",1,"24 hour","2018-04-14 00:00:00",583,9.65,0.094,0.068,0.112,3.94,1.997,6.534,0.668,3.538
"Ackerman Clearing","ackerman",1,"24 hour","2018-04-15 00:00:00",584,2.54,0.078,0.07,0.086,-1.982,-5.464,2.804,0.463,3.075
"Ackerman Clearing","ackerman",1,"24 hour","2018-04-16 00:00:00",585,0,0.097,0.084,0.102,-4.162,-5.031,-3.367,0,0
"Ackerman Clearing","ackerman",1,"24 hour","2018-04-17 00:00:00",586,11.18,0.103,0.096,0.107,-0.62,-3.866,2.05,1.103,9.89
"Ackerman Clearing","ackerman",1,"24 hour","2018-04-18 00:00:00",587,2.54,0.1,0.093,0.109,-1.692,-3.857,-0.366,1.416,4.713
"Ackerman Clearing","ackerman",1,"24 hour","2018-04-19 00:00:00",588,11.18,0.106,0.073,0.134,-0.79,-3.698,2.414,1.608,4.587
"Ackerman Clearing","ackerman",1,"24 hour","2018-04-20 00:00:00",589,0.508,0.107,0,0.148,-1.411,-3.966,1.542,1.152,4.212
"Ackerman Clearing","ackerman",1,"24 hour","2018-04-21 00:00:00",590,1.524,0.147,0,0.169,-2.335,-4.68,-0.006,1.489,4.325
"Ackerman Clearing","ackerman",1,"24 hour","2018-04-22 00:00:00",591,0.762,0.106,0.06,0.145,1.701,-5.447,8.26,0.982,4.075
"Ackerman Clearing","ackerman",1,"24 hour","2018-04-23 00:00:00",592,0,0.037,0,0.082,4.175,-2.346,11.47,0.793,3.988
"Ackerman Clearing","ackerman",1,"24 hour","2018-04-24 00:00:00",593,0,0,0,0,7.431,-3.848,17.51,1.508,5.3
"Ackerman Clearing","ackerman",1,"24 hour","2018-04-25 00:00:00",594,0,0,0,0,10.42,-0.278,18.6,2.411,6.475
"Ackerman Clearing","ackerman",1,"24 hour","2018-04-26 00:00:00",595,22.35,0,0,0,7.346,4.687,9.02,3.018,6.825
"Ackerman Clearing","ackerman",1,"24 hour","2018-04-27 00:00:00",596,2.032,0,0,0,4.869,3.072,7.726,0.851,5.275
"Ackerman Clearing","ackerman",1,"24 hour","2018-04-28 00:00:00",597,1.27,0,0,0,4.878,0.129,8.51,1.931,5.05
"Ackerman Clearing","ackerman",1,"24 hour","2018-04-29 00:00:00",598,1.524,0,0,0,6.558,2.692,12.96,1.25,4.55
"Ackerman Clearing","ackerman",1,"24 hour","2018-04-30 00:00:00",599,4.826,0.008,0,0.051,1.158,-0.269,4.924,0.303,2.575
"Ackerman Clearing","ackerman",1,"24 hour","2018-05-01 00:00:00",600,24.38,0.038,0,1.61,1.623,-0.181,5.028,0.323,2.638
"Ackerman Clearing","ackerman",1,"24 hour","2018-05-02 00:00:00",601,0,0.002,0,0.011,10.79,1.32,19.55,0.79,3.575
"Ackerman Clearing","ackerman",1,"24 hour","2018-05-03 00:00:00",602,0,0,0,0,19.24,13.22,27.03,1.937,7.3
"Ackerman Clearing","ackerman",1,"24 hour","2018-05-04 00:00:00",603,2.54,0,0,0,15.92,13.03,22.21,0.988,5.3
"Ackerman Clearing","ackerman",1,"24 hour","2018-05-05 00:00:00",604,12.95,0,0,0,14.84,6.002,22.61,2.557,10.59
"Ackerman Clearing","ackerman",1,"24 hour","2018-05-06 00:00:00",605,0,0,0,0,12.38,4.818,20.21,1.57,6.862
"Ackerman Clearing","ackerman",1,"24 hour","2018-05-07 00:00:00",606,4.826,0,0,0,12.92,7.933,18.97,0.661,3.9
"Ackerman Clearing","ackerman",1,"24 hour","2018-05-08 00:00:00",607,0.508,0,0,0,10.21,3.796,18.23,0.848,3.937
"Ackerman Clearing","ackerman",1,"24 hour","2018-05-09 00:00:00",608,0,0,0,0,12.53,0.595,22.24,0.825,5.437
"Ackerman Clearing","ackerman",1,"24 hour","2018-05-10 00:00:00",609,0,0,0,0,16.05,4.315,24.71,1.853,5.35
"Ackerman Clearing","ackerman",1,"24 hour","2018-05-11 00:00:00",610,0,0,0,0,14.34,10.08,19.01,2.994,7.087
"Ackerman Clearing","ackerman",1,"24 hour","2018-05-12 00:00:00",611,0,0,0,0,6.739,0.966,13.37,1.41,4.475
"Ackerman Clearing","ackerman",1,"24 hour","2018-05-13 00:00:00",612,0,0,0,0,7.909,-1.387,17.19,1.413,6.075
"Ackerman Clearing","ackerman",1,"24 hour","2018-05-14 00:00:00",613,0,0,0,0,11.62,0.808,21.06,2.217,6.238
"Ackerman Clearing","ackerman",1,"24 hour","2018-05-15 00:00:00",614,0,0,0,0,15.2,7.569,24.5,0.936,5.175
"Ackerman Clearing","ackerman",1,"24 hour","2018-05-16 00:00:00",615,12.19,0,0,0,12.49,6.381,16.3,0.538,3.625
"Ackerman Clearing","ackerman",1,"24 hour","2018-05-17 00:00:00",616,0,0,0,0,13.47,2.795,22.84,2.143,6.85
"Ackerman Clearing","ackerman",1,"24 hour","2018-05-18 00:00:00",617,0,0,0,0,15.79,5.736,23.63,1.038,3.95
"Ackerman Clearing","ackerman",1,"24 hour","2018-05-19 00:00:00",618,0,0,0,0,11.06,3.066,20.14,1.95,5.688
"Ackerman Clearing","ackerman",1,"24 hour","2018-05-20 00:00:00",619,7.366,0,0,0,8.83,6.169,13.52,4.347,8.22
"Ackerman Clearing","ackerman",1,"24 hour","2018-05-21 00:00:00",620,5.08,0,0,0,12.64,6.03,16.41,0.913,3.525
"Ackerman Clearing","ackerman",1,"24 hour","2018-05-22 00:00:00",621,0,0,0,0,13.75,3.498,23.51,0.845,4.263
"Ackerman Clearing","ackerman",1,"24 hour","2018-05-23 00:00:00",622,9.91,0,0,0,11.35,9.26,14.18,2.066,7.8
"Ackerman Clearing","ackerman",1,"24 hour","2018-05-24 00:00:00",623,1.27,0,0,0,15.38,8.24,24.18,1.03,5
"Ackerman Clearing","ackerman",1,"24 hour","2018-05-25 00:00:00",624,0,0,0,0,15.05,4.843,24.2,0.999,3.763
"Ackerman Clearing","ackerman",1,"24 hour","2018-05-26 00:00:00",625,0,0,0,0,19.78,14.29,26.64,1.428,5.563
"Ackerman Clearing","ackerman",1,"24 hour","2018-05-27 00:00:00",626,0,0,0,0,19.28,14.05,26.33,1.123,3.638
"Ackerman Clearing","ackerman",1,"24 hour","2018-05-28 00:00:00",627,0,0,0,0,13.63,10.56,15.63,3.815,7.487
"Ackerman Clearing","ackerman",1,"24 hour","2018-05-29 00:00:00",628,0,0,0,0,16.72,9.68,26.64,1.998,5.825
"Ackerman Clearing","ackerman",1,"24 hour","2018-05-30 00:00:00",629,0,0,0,0,19.8,13.39,27.72,1.1,3.75
"Ackerman Clearing","ackerman",1,"24 hour","2018-05-31 00:00:00",630,0,0,0,0,19.83,10.31,28.16,3.062,6.162
"Ackerman Clearing","ackerman",1,"24 hour","2018-06-01 00:00:00",631,0,0,0,0,17.52,13.13,22.94,3.088,6.763
"Ackerman Clearing","ackerman",1,"24 hour","2018-06-02 00:00:00",632,2.794,0,0,0,21.26,17.28,29.22,0.729,4.138
"Ackerman Clearing","ackerman",1,"24 hour","2018-06-03 00:00:00",633,0.254,0,0,0,16.74,10.63,22.38,0.725,3.238
"Ackerman Clearing","ackerman",1,"24 hour","2018-06-04 00:00:00",634,0.508,0,0,0.008,14.4,8.58,20.24,3.382,8.37
"Ackerman Clearing","ackerman",1,"24 hour","2018-06-05 00:00:00",635,8.64,0,0,0.025,8.36,5.353,12.07,2.894,10.38
"Ackerman Clearing","ackerman",1,"24 hour","2018-06-06 00:00:00",636,2.54,0.001,0,0.04,8.94,7.372,11.33,0.662,3.713
"Ackerman Clearing","ackerman",1,"24 hour","2018-06-07 00:00:00",637,1.524,0,0,0.019,11.21,8.61,15.85,0.316,2.738
"Ackerman Clearing","ackerman",1,"24 hour","2018-06-08 00:00:00",638,0,0.001,0,0.04,13.19,8.43,19.55,0.616,4.025
"Ackerman Clearing","ackerman",1,"24 hour","2018-06-09 00:00:00",639,0,0.002,0,0.061,15.02,9.6,22.19,0.634,3.425
"Ackerman Clearing","ackerman",1,"24 hour","2018-06-10 00:00:00",640,0,0.002,0,0.054,14.7,7.569,22.68,0.882,3.9
"Ackerman Clearing","ackerman",1,"24 hour","2018-06-11 00:00:00",641,0,0.002,0,0.043,13.77,4.909,22.64,0.766,3.15
"Ackerman Clearing","ackerman",1,"24 hour","2018-06-12 00:00:00",642,0,0.001,0,0.035,13.99,5.592,22.48,0.905,3.413
"Ackerman Clearing","ackerman",1,"24 hour","2018-06-13 00:00:00",643,0,0.002,0,0.041,16.37,5.164,25.05,1.126,5.513
"Ackerman Clearing","ackerman",1,"24 hour","2018-06-14 00:00:00",644,8.64,0.003,0,0.053,16.21,12.63,20.6,1.589,5.825
"Ackerman Clearing","ackerman",1,"24 hour","2018-06-15 00:00:00",645,6.858,0.001,0,0.078,11.63,10.8,12.82,1.154,4.875
"Ackerman Clearing","ackerman",1,"24 hour","2018-06-16 00:00:00",646,0,0,0,0.001,12.77,11.52,14.55,0.032,0.875
"Ackerman Clearing","ackerman",1,"24 hour","2018-06-17 00:00:00",647,0,0,0,0,13.26,12.07,13.74,0.011,0.5
"Ackerman Clearing","ackerman",1,"24 hour","2018-06-18 00:00:00",648,0,0,0,0.015,24.16,18.74,28.33,0.72,2.763
"Ackerman Clearing","ackerman",1,"24 hour","2018-06-19 00:00:00",649,4.318,0.002,0,0.263,22.55,17.38,28.48,1.448,6.1
"Ackerman Clearing","ackerman",1,"24 hour","2018-06-20 00:00:00",650,0,0.007,0,0.191,15.01,10.35,21.11,1.016,3.425
"Ackerman Clearing","ackerman",1,"24 hour","2018-06-21 00:00:00",651,0,0.007,0,0.185,15.46,7.121,23.43,0.619,4.175
"Ackerman Clearing","ackerman",1,"24 hour","2018-06-22 00:00:00",652,0,0.008,0,1.61,14.68,8.34,22.1,0.829,4.1
"Ackerman Clearing","ackerman",1,"24 hour","2018-06-23 00:00:00",653,0,0.015,0,1.61,15.53,4.457,25.04,1.739,4.625
"Ackerman Clearing","ackerman",1,"24 hour","2018-06-24 00:00:00",654,7.112,0.013,0,0.265,12.73,11.35,15.75,2.756,6.125
"Ackerman Clearing","ackerman",1,"24 hour","2018-06-25 00:00:00",655,9.91,0.048,0,0.227,14.45,12.03,17.28,0.553,2.838
"Ackerman Clearing","ackerman",1,"24 hour","2018-06-26 00:00:00",656,0.762,0.076,0,1.61,13.35,7.98,19.23,1.12,3.925
"Ackerman Clearing","ackerman",1,"24 hour","2018-06-27 00:00:00",657,0,0.106,0,1.61,14.58,4.486,23.59,0.412,3.025
"Ackerman Clearing","ackerman",1,"24 hour","2018-06-28 00:00:00",658,11.68,0.097,0,1.61,14.27,9.23,19.33,2.378,6.025
"Ackerman Clearing","ackerman",1,"24 hour","2018-06-29 00:00:00",659,7.62,0.026,0,0.102,16.66,13.41,21.52,1.13,4.3
"Ackerman Clearing","ackerman",1,"24 hour","2018-06-30 00:00:00",660,0,0.015,0,1.61,20.39,14.97,27.98,0.81,3.588
"Ackerman Clearing","ackerman",1,"24 hour","2018-07-01 00:00:00",661,0,0.009,0,1.61,22.94,16.11,29.19,0.875,4.7
"Ackerman Clearing","ackerman",1,"24 hour","2018-07-02 00:00:00",662,0,0.011,0,1.61,26.62,21.85,33.07,0.623,2.813
"Ackerman Clearing","ackerman",1,"24 hour","2018-07-03 00:00:00",663,0.508,0.054,0,1.61,22.92,20.42,30.88,0.713,4.312
"Ackerman Clearing","ackerman",1,"24 hour","2018-07-04 00:00:00",664,0,0.042,0,1.61,23.66,17.69,30.19,0.564,3.013
"Ackerman Clearing","ackerman",1,"24 hour","2018-07-05 00:00:00",665,0,0.016,0,0.074,23.76,14.48,32.33,1.26,4.35
"Ackerman Clearing","ackerman",1,"24 hour","2018-07-06 00:00:00",666,0.762,0.025,0,0.105,26.32,21.99,29.93,2.091,4.8
"Ackerman Clearing","ackerman",1,"24 hour","2018-07-07 00:00:00",667,20.57,0.043,0,1.61,16.7,7.291,21.99,1.147,3.8
"Ackerman Clearing","ackerman",1,"24 hour","2018-07-08 00:00:00",668,0,0.042,0,1.61,15,6.575,23.53,0.53,3.7
"Ackerman Clearing","ackerman",1,"24 hour","2018-07-09 00:00:00",669,0,0.04,0,1.61,18.75,9.55,27.11,0.528,3.275
"Ackerman Clearing","ackerman",1,"24 hour","2018-07-10 00:00:00",670,0,0.065,0,1.61,21.46,13.41,29.62,0.923,3.913
"Ackerman Clearing","ackerman",1,"24 hour","2018-07-11 00:00:00",671,0,0.095,0,1.61,20.72,16.53,28.02,0.753,3.038
"Ackerman Clearing","ackerman",1,"24 hour","2018-07-12 00:00:00",672,0,0.053,0,1.61,17.32,11.94,24.09,0.781,3.263
"Ackerman Clearing","ackerman",1,"24 hour","2018-07-13 00:00:00",673,0,0.027,0,0.673,17.3,9.16,25.78,0.555,3.413
"Ackerman Clearing","ackerman",1,"24 hour","2018-07-14 00:00:00",674,0,0.028,0,0.088,19.19,10.3,27.51,0.547,2.7
"Ackerman Clearing","ackerman",1,"24 hour","2018-07-15 00:00:00",675,1.016,0.032,0,0.102,20.52,16.52,26.73,0.768,3.3
"Ackerman Clearing","ackerman",1,"24 hour","2018-07-16 00:00:00",676,0,0.047,0,0.076,22.27,16.84,29.04,0.577,2.55
"Ackerman Clearing","ackerman",1,"24 hour","2018-07-17 00:00:00",677,0,0.041,0,0.096,22.67,13.62,31.42,0.737,4.175
"Ackerman Clearing","ackerman",1,"24 hour","2018-07-18 00:00:00",678,1.27,0.029,0,1.61,20.31,14.96,25.19,0.567,2.925
"Ackerman Clearing","ackerman",1,"24 hour","2018-07-19 00:00:00",679,0,0.045,0,1.61,15.46,10.02,22.02,0.744,3.475
"Ackerman Clearing","ackerman",1,"24 hour","2018-07-20 00:00:00",680,0,0.034,0,0.239,16.81,6.931,26.26,0.431,2.938
"Ackerman Clearing","ackerman",1,"24 hour","2018-07-21 00:00:00",681,0,0.032,0,0.367,20.02,10.19,29.44,2.031,5.825
"Ackerman Clearing","ackerman",1,"24 hour","2018-07-22 00:00:00",682,0,0.023,0,0.357,19.44,12.76,26.96,2.661,6.375
"Ackerman Clearing","ackerman",1,"24 hour","2018-07-23 00:00:00",683,0.508,0.037,0,1.61,18.63,14.76,23.49,3.766,7.575
"Ackerman Clearing","ackerman",1,"24 hour","2018-07-24 00:00:00",684,5.08,0.039,0,1.61,20.75,19.19,22.55,3.395,6.75
"Ackerman Clearing","ackerman",1,"24 hour","2018-07-25 00:00:00",685,5.08,0.031,0,1.61,20.52,19.17,22.94,4.45,9.35
"Ackerman Clearing","ackerman",1,"24 hour","2018-07-26 00:00:00",686,32.26,0.046,0,1.61,20.22,18.5,23.14,3.159,8.19
"Ackerman Clearing","ackerman",1,"24 hour","2018-07-27 00:00:00",687,0,0.141,0,0.218,18.1,15.51,22.22,0.313,2.763
"Ackerman Clearing","ackerman",1,"24 hour","2018-07-28 00:00:00",688,1.016,0.032,0,1.61,20.15,16.31,25.81,0.587,4.338
"Ackerman Clearing","ackerman",1,"24 hour","2018-07-29 00:00:00",689,0.254,0.06,0,1.61,18,13.46,24.78,0.844,3.213
"Ackerman Clearing","ackerman",1,"24 hour","2018-07-30 00:00:00",690,0,0.065,0,1.61,17.4,13.64,23.75,0.575,2.8
"Ackerman Clearing","ackerman",1,"24 hour","2018-07-31 00:00:00",691,0,0.025,0,1.61,18.59,11.42,25.63,0.398,2.975
"Ackerman Clearing","ackerman",1,"24 hour","2018-08-01 00:00:00",692,0,0.06,0,1.61,19.39,15.76,25.62,0.938,4.525
"Ackerman Clearing","ackerman",1,"24 hour","2018-08-02 00:00:00",693,0.508,0.134,0,1.61,19.77,16.71,24.87,2.131,6.187
"Ackerman Clearing","ackerman",1,"24 hour","2018-08-03 00:00:00",694,2.032,0.185,0,1.61,20.04,17.8,24.82,0.337,3.725
"Ackerman Clearing","ackerman",1,"24 hour","2018-08-04 00:00:00",695,0.254,0.11,0,0.403,19.48,17.09,22.23,0.552,3.087
"Ackerman Clearing","ackerman",1,"24 hour","2018-08-05 00:00:00",696,1.778,0.203,0,1.61,20.53,16.13,28.05,0.438,3.562
"Ackerman Clearing","ackerman",1,"24 hour","2018-08-06 00:00:00",697,0,0.119,0,0.315,20.56,20.35,20.97,0.027,0.588
"Ackerman Clearing","ackerman",1,"24 hour","2018-08-07 00:00:00",698,1.778,0.17,0,1.61,24.06,18.97,30.08,0.713,4.237
"Ackerman Clearing","ackerman",1,"24 hour","2018-08-08 00:00:00",699,0.254,0.238,0,0.547,20.21,17.35,23.84,0.23,2.513
"Ackerman Clearing","ackerman",1,"24 hour","2018-08-09 00:00:00",700,0,0.274,0,1.183,20.68,16.85,25.91,0.605,3.963
"Ackerman Clearing","ackerman",1,"24 hour","2018-08-10 00:00:00",701,0,0.216,0,0.546,21.07,17.7,26.57,0.785,4.563
"Ackerman Clearing","ackerman",1,"24 hour","2018-08-11 00:00:00",702,0,0.132,0,1.61,18.89,13.08,25.41,0.452,3.075
"Ackerman Clearing","ackerman",1,"24 hour","2018-08-12 00:00:00",703,0.508,0.092,0,1.61,16.58,11.11,24.03,1.234,4.563
"Ackerman Clearing","ackerman",1,"24 hour","2018-08-13 00:00:00",704,0,0.109,0,1.61,19.18,15.11,25.3,1.108,5.113
"Ackerman Clearing","ackerman",1,"24 hour","2018-08-14 00:00:00",705,0.508,0.107,0,1.61,20,16.83,24.58,1.151,4.3
"Ackerman Clearing","ackerman",1,"24 hour","2018-08-15 00:00:00",706,3.048,0.091,0,1.61,19.93,17.15,25.51,1.123,5.65
"Ackerman Clearing","ackerman",1,"24 hour","2018-08-16 00:00:00",707,1.016,0.153,0,1.61,20.47,16.71,27.56,0.291,2.888
"Ackerman Clearing","ackerman",1,"24 hour","2018-08-17 00:00:00",708,0,0.157,0,1.61,20.2,16.76,24.58,0.194,2.3
"Ackerman Clearing","ackerman",1,"24 hour","2018-08-18 00:00:00",709,19.05,0.148,0,0.312,18.92,15.38,22.34,1.258,5.612
"Ackerman Clearing","ackerman",1,"24 hour","2018-08-19 00:00:00",710,1.778,0.131,0,0.296,17.11,13.66,22.06,0.52,3.125
"Ackerman Clearing","ackerman",1,"24 hour","2018-08-20 00:00:00",711,0,0.122,0,0.276,16.89,10.95,24.22,0.879,5.15
"Ackerman Clearing","ackerman",1,"24 hour","2018-08-21 00:00:00",712,0,0.161,0,1.019,17.13,10.38,24.73,1.184,4.7
"Ackerman Clearing","ackerman",1,"24 hour","2018-08-22 00:00:00",713,0,0.137,0,1.61,16.93,12.67,21,3.267,7.738
"Ackerman Clearing","ackerman",1,"24 hour","2018-08-23 00:00:00",714,2.54,0.138,0,0.287,16.75,11.65,22.12,2.013,7.038
"Ackerman Clearing","ackerman",1,"24 hour","2018-08-24 00:00:00",715,0,0.076,0,1.222,14.89,8.05,21.85,0.762,3.675
"Ackerman Clearing","ackerman",1,"24 hour","2018-08-25 00:00:00",716,0,0,0,0,18.75,13.63,26.49,0.619,3.3
"Ackerman Clearing","ackerman",1,"24 hour","2018-08-26 00:00:00",717,0,0,0,0,17.84,11.82,25.15,1.738,6.15
"Ackerman Clearing","ackerman",1,"24 hour","2018-08-27 00:00:00",718,0.254,0,0,0,17.8,13.32,22.75,1.208,4.088
"Ackerman Clearing","ackerman",1,"24 hour","2018-08-28 00:00:00",719,0,0,0,0,20.95,15.91,26.03,0.357,3.063
"Ackerman Clearing","ackerman",1,"24 hour","2018-08-29 00:00:00",720,0,0,0,0,23.97,20.03,29.5,1.119,5.65
"Ackerman Clearing","ackerman",1,"24 hour","2018-08-30 00:00:00",721,5.588,0,0,0,22.97,19.9,30.48,0.81,5.5
"Ackerman Clearing","ackerman",1,"24 hour","2018-08-31 00:00:00",722,10.41,0,0,0,16.54,11.17,20.48,0.711,3.275
"Ackerman Clearing","ackerman",1,"24 hour","2018-09-01 00:00:00",723,0,0,0,0,15.22,8.89,21.85,2.592,5.625
"Ackerman Clearing","ackerman",1,"24 hour","2018-09-02 00:00:00",724,0,0,0,0,17.48,15.76,20.92,2.442,5.638
"Ackerman Clearing","ackerman",1,"24 hour","2018-09-03 00:00:00",725,1.778,0,0,0,19.43,16.22,23.12,1.241,4.125
"Ackerman Clearing","ackerman",1,"24 hour","2018-09-04 00:00:00",726,0,0,0,0,22.65,20.86,24.98,0.615,2.337
"Ackerman Clearing","ackerman",1,"24 hour","2018-09-05 00:00:00",727,0,0,0,0.717,21.35,16.29,27.7,0.285,2.9
"Ackerman Clearing","ackerman",1,"24 hour","2018-09-06 00:00:00",728,3.556,0,0,0,23.02,15.32,30.86,0.727,3.825
"Ackerman Clearing","ackerman",1,"24 hour","2018-09-07 00:00:00",729,12.95,0,0,0,19.41,12.42,23.08,0.586,3.55
"Ackerman Clearing","ackerman",1,"24 hour","2018-09-08 00:00:00",730,0,0,0,0,14.38,9.63,22.56,0.284,2.675
"Ackerman Clearing","ackerman",1,"24 hour","2018-09-09 00:00:00",731,0,0,0,0,10.51,5.358,16,0.228,2.575
"Ackerman Clearing","ackerman",1,"24 hour","2018-09-10 00:00:00",732,0,0,0,0,8.23,3.019,14.01,0.925,3.85
"Ackerman Clearing","ackerman",1,"24 hour","2018-09-11 00:00:00",733,24.38,0,0,0,9.16,6.856,10.45,4.257,8.3
"Ackerman Clearing","ackerman",1,"24 hour","2018-09-12 00:00:00",734,0,0,0,0,16.61,15.5,19.04,0.094,0.95
"Ackerman Clearing","ackerman",1,"24 hour","2018-09-13 00:00:00",735,2.032,0,0,0,17.07,15.03,20.59,0.74,3.238
"Ackerman Clearing","ackerman",1,"24 hour","2018-09-14 00:00:00",736,0,0,0,0,18.75,13.93,26.01,0.781,3.9
"Ackerman Clearing","ackerman",1,"24 hour","2018-09-15 00:00:00",737,0,0,0,0,18.21,11.11,26.62,1.124,3.25
"Ackerman Clearing","ackerman",1,"24 hour","2018-09-16 00:00:00",738,0,0,0,0,20.21,13.51,28.37,0.267,2.275
"Ackerman Clearing","ackerman",1,"24 hour","2018-09-17 00:00:00",739,0,0,0,0,21.06,15.44,29.15,0.679,3.788
"Ackerman Clearing","ackerman",1,"24 hour","2018-09-18 00:00:00",740,0,0,0,0,20.11,15.59,27.3,0.59,3.75
"Ackerman Clearing","ackerman",1,"24 hour","2018-09-19 00:00:00",741,0,0,0,0,18.82,13.87,24.81,0.222,2.65
"Ackerman Clearing","ackerman",1,"24 hour","2018-09-20 00:00:00",742,0,0,0,0,14.79,10.7,20.93,0.393,3.2
"Ackerman Clearing","ackerman",1,"24 hour","2018-09-21 00:00:00",743,0,0,0,0,13.35,9.62,18.5,1.581,5.013
"Ackerman Clearing","ackerman",1,"24 hour","2018-09-22 00:00:00",744,9.65,0,0,0,15.89,13.05,19.89,3.906,8.84
"Ackerman Clearing","ackerman",1,"24 hour","2018-09-23 00:00:00",745,0,0,0,0,9.65,4.314,17.85,0.994,4.475
"Ackerman Clearing","ackerman",1,"24 hour","2018-09-24 00:00:00",746,0,0,0,0,8.67,2.4,17.61,0.44,2.738
"Ackerman Clearing","ackerman",1,"24 hour","2018-09-25 00:00:00",747,0,0,0,0,9.33,3.068,16.32,2.919,7.85
"Ackerman Clearing","ackerman",1,"24 hour","2018-09-26 00:00:00",748,18.29,0,0,0,9.04,6.331,12.03,4.578,8.74
"Ackerman Clearing","ackerman",1,"24 hour","2018-09-27 00:00:00",749,14.73,0,0,0,15.45,8.71,19.65,2.059,5.575
"Ackerman Clearing","ackerman",1,"24 hour","2018-09-28 00:00:00",750,0,0,0,0,10.61,5.788,16.99,0.825,5.25
"Ackerman Clearing","ackerman",1,"24 hour","2018-09-29 00:00:00",751,7.366,0,0,0,11.47,9.48,15.91,0.837,4.15
"Ackerman Clearing","ackerman",1,"24 hour","2018-09-30 00:00:00",752,0,0,0,0,9.51,5.116,14.91,0.85,3.338
"Ackerman Clearing","ackerman",1,"24 hour","2018-10-01 00:00:00",753,0,0,0,0,7.625,3.32,11.9,0.338,3.438
"Ackerman Clearing","ackerman",1,"24 hour","2018-10-02 00:00:00",754,0.254,0,0,0,7.276,6.564,7.734,3.144,4.85
"Ackerman Clearing","ackerman",1,"24 hour","2018-10-03 00:00:00",755,21.59,0,0,0,9.92,6.53,12.74,2.342,5.987
"Ackerman Clearing","ackerman",1,"24 hour","2018-10-04 00:00:00",756,9.4,0,0,0,11.28,8.44,13.97,1.203,6.087
"Ackerman Clearing","ackerman",1,"24 hour","2018-10-05 00:00:00",757,2.286,0,0,0,13.8,5.423,18.93,0.673,3.438
"Ackerman Clearing","ackerman",1,"24 hour","2018-10-06 00:00:00",758,0.254,0,0,0,8.53,5.111,13.3,1.547,4.3
"Ackerman Clearing","ackerman",1,"24 hour","2018-10-07 00:00:00",759,0,0,0,0,13.79,13.69,13.89,0,0
"Ackerman Clearing","ackerman",1,"24 hour","2018-10-08 00:00:00",760,0,0,0,0,11.13,7.646,15.17,0.727,2.625
"Ackerman Clearing","ackerman",1,"24 hour","2018-10-09 00:00:00",761,0,0,0,0,12.58,11.86,13.69,2.641,4.075
"Ackerman Clearing","ackerman",1,"24 hour","2018-10-10 00:00:00",762,0,0,0,0,20.91,17.61,24.8,0.837,4.662
"Ackerman Clearing","ackerman",1,"24 hour","2018-10-11 00:00:00",763,0,0,0,0,19.41,16.56,25.82,1.124,4.513
"Ackerman Clearing","ackerman",1,"24 hour","2018-10-12 00:00:00",764,38.1,0,0,0,16.83,10.65,19.75,1.668,4.687
"Ackerman Clearing","ackerman",1,"24 hour","2018-10-13 00:00:00",765,0.508,0,0,0,5.584,3.405,9.8,1.557,5.062
"Ackerman Clearing","ackerman",1,"24 hour","2018-10-14 00:00:00",766,1.016,0,0,0,3.427,1.664,6.184,0.889,3.925
"Ackerman Clearing","ackerman",1,"24 hour","2018-10-15 00:00:00",767,0,0,0,0,4.96,0.085,12.2,0.806,4.525
"Ackerman Clearing","ackerman",1,"24 hour","2018-10-16 00:00:00",768,4.318,0,0,0,5.061,0.095,12.19,2.79,7.75
"Ackerman Clearing","ackerman",1,"24 hour","2018-10-17 00:00:00",769,0,0,0,0,3.205,0.342,6.842,1.556,5.663
"Ackerman Clearing","ackerman",1,"24 hour","2018-10-18 00:00:00",770,4.572,0,0,0,2.411,-3.067,6.669,1.451,4.45
"Ackerman Clearing","ackerman",1,"24 hour","2018-10-19 00:00:00",771,0.762,0,0,0,-1.48,-4.469,2.898,1.779,4.538
"Ackerman Clearing","ackerman",1,"24 hour","2018-10-20 00:00:00",772,0,0,0,0,7.223,-0.109,15.08,1.575,6.25
"Ackerman Clearing","ackerman",1,"24 hour","2018-10-21 00:00:00",773,0,0,0,0,6.342,1.785,12.32,1.35,6.775
"Ackerman Clearing","ackerman",1,"24 hour","2018-10-22 00:00:00",774,0,0,0,0,-1.293,-2.729,1.766,1.809,4.8
"Ackerman Clearing","ackerman",1,"24 hour","2018-10-23 00:00:00",775,0,0,0,0,0.334,-2.41,2.578,0.945,3.05
"Ackerman Clearing","ackerman",1,"24 hour","2018-10-24 00:00:00",776,2.286,0,0,0,1.315,-1.879,4.142,1.246,4.338
"Ackerman Clearing","ackerman",1,"24 hour","2018-10-25 00:00:00",777,0.254,0,0,0,1.094,-0.279,3.296,0.803,3.763
"Ackerman Clearing","ackerman",1,"24 hour","2018-10-26 00:00:00",778,0,0,0,0,-2.412,-3.328,-0.299,1.474,3.588
"Ackerman Clearing","ackerman",1,"24 hour","2018-10-27 00:00:00",779,0.254,0,0,0,-1.166,-7.499,5.592,1.138,4.575
"Ackerman Clearing","ackerman",1,"24 hour","2018-10-28 00:00:00",780,7.874,0,0,0,0.162,-0.912,1.371,2.602,7.8
"Ackerman Clearing","ackerman",1,"24 hour","2018-10-29 00:00:00",781,10.16,0,0,0,1.397,0.061,3.451,1.507,4.1
"Ackerman Clearing","ackerman",1,"24 hour","2018-10-30 00:00:00",782,3.048,0,0,0,2.543,-0.727,5.538,1.118,4.263
"Ackerman Clearing","ackerman",1,"24 hour","2018-10-31 00:00:00",783,1.016,0,0,0,-1.222,-2.346,0.186,0.926,3.462
"Ackerman Clearing","ackerman",1,"24 hour","2018-11-01 00:00:00",784,3.048,0.001,0,1.231,1.616,-3.742,9.16,1.972,6.25
"Ackerman Clearing","ackerman",1,"24 hour","2018-11-02 00:00:00",785,13.46,0,0,0,5.751,4.394,8.31,1.115,6.938
"Ackerman Clearing","ackerman",1,"24 hour","2018-11-03 00:00:00",786,12.95,0,0,0,8.69,4.675,12.83,2.013,6.413
"Ackerman Clearing","ackerman",1,"24 hour","2018-11-05 00:00:00",787,0,0,0,0,-1.411,-1.441,-1.372,3.119,4.038
"Ackerman Clearing","ackerman",1,"24 hour","2018-11-06 00:00:00",788,3.556,0,0,0,1.427,-1.464,3.168,5.373,9.12
"Ackerman Clearing","ackerman",1,"24 hour","2018-11-08 00:00:00",789,1.27,0,0,0,4.274,0.348,9.41,1.71,5.037
"Ackerman Clearing","ackerman",1,"24 hour","2018-11-09 00:00:00",790,2.286,0,0,0,0.921,-1.606,2.206,0.85,3.575
"Ackerman Clearing","ackerman",1,"24 hour","2018-11-11 00:00:00",791,0,0.196,0,0.231,-3.941,-6.045,-0.03,2.265,5.237
"Ackerman Clearing","ackerman",1,"24 hour","2018-11-12 00:00:00",792,0,0.174,0.142,0.203,-5.086,-7.835,0.089,1.099,5.075
"Ackerman Clearing","ackerman",1,"24 hour","2018-11-13 00:00:00",793,0,0.116,0.105,0.138,-0.426,-0.941,0.39,2.46,4.375
"Ackerman Clearing","ackerman",1,"24 hour","2018-11-14 00:00:00",794,0,0.199,0.182,0.236,-3.017,-8.59,0.808,1.221,3.688
"Ackerman Clearing","ackerman",1,"24 hour","2018-11-15 00:00:00",795,0,0.194,0.169,0.214,-10.36,-14.99,-6.545,1.583,5.3
"Ackerman Clearing","ackerman",1,"24 hour","2018-11-16 00:00:00",796,0,0.176,0.162,0.198,-10.11,-14.89,-6.375,2.412,6.025
"Ackerman Clearing","ackerman",1,"24 hour","2018-11-17 00:00:00",797,0.254,0.358,0,1.61,-3.09,-7.969,-0.734,1.869,7.325
"Ackerman Clearing","ackerman",1,"24 hour","2018-11-18 00:00:00",798,0,0.36,0,1.61,-1.499,-6.492,0.343,1.47,4.012
"Ackerman Clearing","ackerman",1,"24 hour","2018-11-19 00:00:00",799,0,0.322,0.311,0.333,-6.571,-10.47,-4.416,1.186,3.8
"Ackerman Clearing","ackerman",1,"24 hour","2018-11-20 00:00:00",800,0.254,0.295,0.279,0.312,-2.493,-4.762,2.404,0.983,4.237
"Ackerman Clearing","ackerman",1,"24 hour","2018-11-21 00:00:00",801,0,0.271,0.254,0.282,-3.938,-8.08,-0.491,0.493,3.65
"Ackerman Clearing","ackerman",1,"24 hour","2018-11-22 00:00:00",802,0,0.321,0.245,1.61,-9.49,-18.97,-2.832,1.785,6.025
"Ackerman Clearing","ackerman",1,"24 hour","2018-11-23 00:00:00",803,0,0.334,0,0.372,-17.98,-20.96,-13.01,1.474,4.05
"Ackerman Clearing","ackerman",1,"24 hour","2018-11-24 00:00:00",804,0,0.305,0.289,0.32,-13.11,-23.95,-4.467,1.908,5.188
"Ackerman Clearing","ackerman",1,"24 hour","2018-11-25 00:00:00",805,2.794,0.281,0.261,0.293,-4.174,-11.66,0.877,3.398,7.163
"Ackerman Clearing","ackerman",1,"24 hour","2018-11-26 00:00:00",806,28.7,0.231,0.208,0.266,1.675,0.115,3.139,1.455,6.05
"Ackerman Clearing","ackerman",1,"24 hour","2018-11-27 00:00:00",807,4.064,0.206,0.172,0.239,0.128,-0.884,1.785,3.068,7.5
"Ackerman Clearing","ackerman",1,"24 hour","2018-11-28 00:00:00",808,0.254,0.41,0.213,1.61,-0.984,-2.779,1.115,1.182,6.687
"Ackerman Clearing","ackerman",1,"24 hour","2018-11-29 00:00:00",809,0,0.49,0,1.61,-2.053,-2.932,-0.401,1.018,2.6
"Ackerman Clearing","ackerman",1,"24 hour","2018-11-30 00:00:00",810,0,0.5,0.465,1.5,-2.257,-3.503,0.038,0.958,3.013
"Ackerman Clearing","ackerman",1,"24 hour","2018-12-01 00:00:00",811,0,0.467,0.446,0.489,-3.223,-4.255,-1.798,0.193,1.625
"Ackerman Clearing","ackerman",1,"24 hour","2018-12-02 00:00:00",812,2.54,0.418,0.385,0.448,-2.462,-3.778,2.395,1.73,7.363
"Ackerman Clearing","ackerman",1,"24 hour","2018-12-03 00:00:00",813,5.334,0.385,0.357,0.412,-0.126,-2.509,1.582,2.206,7.263
"Ackerman Clearing","ackerman",1,"24 hour","2018-12-04 00:00:00",814,21.59,0.329,0.305,0.359,-0.15,-4.475,3.305,0.951,5.15
"Ackerman Clearing","ackerman",1,"24 hour","2018-12-05 00:00:00",815,0,0.284,0,1.61,-8.37,-11.56,-4.375,0,0
"Ackerman Clearing","ackerman",1,"24 hour","2018-12-06 00:00:00",816,0,0.26,0,0.355,-6.505,-9.68,-4.385,0,0
"Ackerman Clearing","ackerman",1,"24 hour","2018-12-07 00:00:00",817,0,0.374,0,0.441,-4.48,-6.855,-2.307,0,0
"Ackerman Clearing","ackerman",1,"24 hour","2018-12-08 00:00:00",818,0,0.448,0,0.495,-10.31,-16.32,-3.748,0,0
"Ackerman Clearing","ackerman",1,"24 hour","2018-12-09 00:00:00",819,0,0.406,0.382,0.424,-10.47,-12,-9.48,0,0
"Ackerman Clearing","ackerman",1,"24 hour","2018-12-10 00:00:00",820,0.762,0.4,0.386,0.419,-5.952,-10.43,-1.193,0.272,4.95
"Ackerman Clearing","ackerman",1,"24 hour","2018-12-11 00:00:00",821,0,0.382,0,1.61,-8.37,-14.14,-4.676,0,0
"Ackerman Clearing","ackerman",1,"24 hour","2018-12-12 00:00:00",822,0,0.371,0,0.429,-10.34,-16.41,-6.145,0,0
"Ackerman Clearing","ackerman",1,"24 hour","2018-12-13 00:00:00",823,0,0.345,0,1.61,-8.71,-13.64,-6.213,0,0
"Ackerman Clearing","ackerman",1,"24 hour","2018-12-14 00:00:00",824,0,0.239,0,0.383,-9.48,-15.94,-5.246,0,0
"Ackerman Clearing","ackerman",1,"24 hour","2018-12-15 00:00:00",825,1.27,0.367,0.361,0.371,-0.982,-5.256,3.221,0.897,4.7
"Ackerman Clearing","ackerman",1,"24 hour","2018-12-16 00:00:00",826,5.588,0.334,0.316,0.368,0.594,-3.91,3.782,1.052,4.8
"Ackerman Clearing","ackerman",1,"24 hour","2018-12-17 00:00:00",827,0,0.319,0.313,0.326,-2.381,-5.045,-0.382,2.386,6.15
"Ackerman Clearing","ackerman",1,"24 hour","2018-12-18 00:00:00",828,0,0.329,0,0.414,-3.088,-11.14,-0.651,1.256,4.9
"Ackerman Clearing","ackerman",1,"24 hour","2018-12-19 00:00:00",829,0,0.389,0,0.415,-12.04,-15.16,-10.49,1.693,4.638
"Ackerman Clearing","ackerman",1,"24 hour","2018-12-20 00:00:00",830,4.064,0.348,0,0.39,-6.603,-15.54,1.63,0.454,3.15
"Ackerman Clearing","ackerman",1,"24 hour","2018-12-21 00:00:00",831,5.588,0.364,0.347,0.372,-1.448,-8.43,6.302,2.754,6.087
"Ackerman Clearing","ackerman",1,"24 hour","2018-12-22 00:00:00",832,24.13,0.271,0,1.61,6.232,0.234,9.9,4.683,11.63
"Ackerman Clearing","ackerman",1,"24 hour","2018-12-23 00:00:00",833,2.286,0.201,0,0.222,-1.705,-6.85,9.39,0.388,5.55
"Ackerman Clearing","ackerman",1,"24 hour","2018-12-24 00:00:00",834,0,0.205,0.198,0.208,-6.528,-9.55,-4.643,0,0
"Ackerman Clearing","ackerman",1,"24 hour","2018-12-25 00:00:00",835,0,0.225,0,1.61,-4.742,-7.424,-1.826,0.199,2.638
"Ackerman Clearing","ackerman",1,"24 hour","2018-12-26 00:00:00",836,2.286,0.24,0.232,0.267,-10.53,-15,-4.387,0.601,3.188
"Ackerman Clearing","ackerman",1,"24 hour","2018-12-27 00:00:00",837,0,0.235,0,0.28,-8.16,-14.9,-3.597,0.829,4.5
"Ackerman Clearing","ackerman",1,"24 hour","2018-12-28 00:00:00",838,0.254,0.253,0,0.292,-8.52,-14.5,-4.357,2.401,7.938
"Ackerman Clearing","ackerman",1,"24 hour","2018-12-29 00:00:00",839,14.22,0.264,0.25,0.281,0.482,-5.414,6.916,2.349,8.72
"Ackerman Clearing","ackerman",1,"24 hour","2018-12-30 00:00:00",840,0.254,0.255,0.231,0.268,-3.851,-13.43,6.906,0.594,6.225
"Ackerman Clearing","ackerman",1,"24 hour","2018-12-31 00:00:00",841,0,0.252,0.243,0.264,-8.74,-14.3,-5.105,0,0.225
"Ackerman Clearing","ackerman",1,"24 hour","2019-01-01 00:00:00",842,0.762,0.263,0.247,0.273,-3.252,-8.02,0.049,1.92,7.025
"Ackerman Clearing","ackerman",1,"24 hour","2019-01-02 00:00:00",843,8.89,0.258,0.24,0.27,-3.032,-11.92,6.782,2.147,7.025
"Ackerman Clearing","ackerman",1,"24 hour","2019-01-03 00:00:00",844,0.254,0.255,0.243,0.277,-8.72,-13.87,-3.247,1.61,6.2
"Ackerman Clearing","ackerman",1,"24 hour","2019-01-04 00:00:00",845,0,0.352,0,0.402,-5.312,-7.783,-3.542,1.386,6
"Ackerman Clearing","ackerman",1,"24 hour","2019-01-05 00:00:00",846,6.35,0.36,0.337,0.395,-1.322,-4.578,3.186,0.913,5.587
"Ackerman Clearing","ackerman",1,"24 hour","2019-01-06 00:00:00",847,0,0.337,0.33,0.34,-2.031,-5.68,2.876,0.741,3.363
"Ackerman Clearing","ackerman",1,"24 hour","2019-01-07 00:00:00",848,0,0.356,0.318,0.382,-6.21,-14.47,-1.802,1.643,5.263
"Ackerman Clearing","ackerman",1,"24 hour","2019-01-08 00:00:00",849,0,0.369,0.361,0.376,-13.44,-20.28,-8.83,2.859,9.08
"Ackerman Clearing","ackerman",1,"24 hour","2019-01-09 00:00:00",850,0,0.412,0.356,1.61,-4.715,-10.03,-0.499,4.034,11.51
"Ackerman Clearing","ackerman",1,"24 hour","2019-01-10 00:00:00",851,0,0.512,0.435,1.5,-2.31,-5.326,-0.249,1.077,3.763
"Ackerman Clearing","ackerman",1,"24 hour","2019-01-11 00:00:00",852,0,0.552,0,0.678,-10.27,-16.05,-5.286,1.554,3.913
"Ackerman Clearing","ackerman",1,"24 hour","2019-01-12 00:00:00",853,0,0.621,0,0.67,-19.54,-22.97,-14.42,0.989,3.562
"Ackerman Clearing","ackerman",1,"24 hour","2019-01-13 00:00:00",854,0.254,0.58,0.568,0.6,-18.27,-22.74,-8.59,0.291,2.413
"Ackerman Clearing","ackerman",1,"24 hour","2019-01-14 00:00:00",855,0,0.557,0.541,1.503,-15.93,-23.54,-4.974,0.115,1.675
"Ackerman Clearing","ackerman",1,"24 hour","2019-01-15 00:00:00",856,0,0.545,0.515,1.503,-13.56,-22.3,-5.344,0.24,2.075
"Ackerman Clearing","ackerman",1,"24 hour","2019-01-16 00:00:00",857,0,0.532,0.515,1.502,-7.973,-15.05,-4.228,0.482,3.125
"Ackerman Clearing","ackerman",1,"24 hour","2019-01-17 00:00:00",858,0,0.535,0,1.503,-7.909,-20.62,-3.301,1.472,4.713
"Ackerman Clearing","ackerman",1,"24 hour","2019-01-18 00:00:00",859,0,0.355,0,1.61,-15.78,-24.14,-7.8,1.355,6.362
"Ackerman Clearing","ackerman",1,"24 hour","2019-01-19 00:00:00",860,0,0.533,0,1.502,-8.14,-11.79,-4.268,2.275,6.563
"Ackerman Clearing","ackerman",1,"24 hour","2019-01-20 00:00:00",861,0,0.533,0,1.503,-13.41,-16.23,-9.22,2.407,7.225
"Ackerman Clearing","ackerman",1,"24 hour","2019-01-21 00:00:00",862,0,0.833,0,0.929,-15.65,-25.44,-9.85,3.352,10.34
"Ackerman Clearing","ackerman",1,"24 hour","2019-01-22 00:00:00",863,0,0.856,0,0.929,-25.33,-28.2,-22.83,1.9,4.825
"Ackerman Clearing","ackerman",1,"24 hour","2019-01-23 00:00:00",864,0,0.878,0.864,0.893,-18.04,-28.56,-9.97,1.552,7.1
"Ackerman Clearing","ackerman",1,"24 hour","2019-01-24 00:00:00",865,2.794,0.848,0,0.865,-5.629,-11.46,1.683,3.9,7.013
"Ackerman Clearing","ackerman",1,"24 hour","2019-01-25 00:00:00",866,48.77,0.785,0.748,0.829,0.305,-5.711,5.183,1.594,6.05
"Ackerman Clearing","ackerman",1,"24 hour","2019-01-26 00:00:00",867,0,0.766,0.739,0.797,-7.992,-12.66,-2.886,0,0
"Ackerman Clearing","ackerman",1,"24 hour","2019-01-27 00:00:00",868,0,0.761,0.756,0.766,-13.24,-16.94,-8.85,0,0
"Ackerman Clearing","ackerman",1,"24 hour","2019-01-28 00:00:00",869,0,0.808,0,1.61,-9.97,-16.68,-4.328,0,0
"Ackerman Clearing","ackerman",1,"24 hour","2019-01-29 00:00:00",870,0,0.853,0.837,0.878,-15.16,-17.7,-10.84,0,0
"Ackerman Clearing","ackerman",1,"24 hour","2019-01-30 00:00:00",871,0,0.875,0,0.941,-8.93,-14.87,-6.105,4.043,10.7
"Ackerman Clearing","ackerman",1,"24 hour","2019-01-31 00:00:00",872,0.254,0.843,0,0.952,-14.42,-22.04,-7.745,0.349,3.875
"Ackerman Clearing","ackerman",1,"24 hour","2019-02-01 00:00:00",873,0,0.914,0.902,0.925,-19.6,-23.56,-15.79,0,0
"Ackerman Clearing","ackerman",1,"24 hour","2019-02-02 00:00:00",874,0,0.894,0.885,0.905,-16.76,-21.39,-10.23,0,0
"Ackerman Clearing","ackerman",1,"24 hour","2019-02-03 00:00:00",875,0,0.887,0,0.917,-10.72,-17.57,-5.59,0.531,5.875
"Ackerman Clearing","ackerman",1,"24 hour","2019-02-04 00:00:00",876,0,0.903,0.889,0.912,-4.233,-8.27,1.587,1.482,4.675
"Ackerman Clearing","ackerman",1,"24 hour","2019-02-05 00:00:00",877,14.48,0.837,0.8,0.89,4.699,0.987,8.06,1.234,4.287
"Ackerman Clearing","ackerman",1,"24 hour","2019-02-06 00:00:00",878,3.81,0.758,0,0.803,2.134,-6.801,6.772,1.769,5.45
"Ackerman Clearing","ackerman",1,"24 hour","2019-02-07 00:00:00",879,0,0.737,0.733,0.74,-4.373,-10.61,1.393,2.967,7.738
"Ackerman Clearing","ackerman",1,"24 hour","2019-02-08 00:00:00",880,5.842,0.724,0.686,0.738,0.875,-0.472,2.441,2.509,9.21
"Ackerman Clearing","ackerman",1,"24 hour","2019-02-09 00:00:00",881,6.096,0.67,0.649,0.697,-2.751,-11.91,3.905,3.53,10.19
"Ackerman Clearing","ackerman",1,"24 hour","2019-02-10 00:00:00",882,0,0.657,0.65,0.667,-11.16,-13.22,-6.307,2.425,7.025
"Ackerman Clearing","ackerman",1,"24 hour","2019-02-11 00:00:00",883,0,0.649,0.645,0.653,-11.91,-16.81,-5.78,0.968,4.4
"Ackerman Clearing","ackerman",1,"24 hour","2019-02-12 00:00:00",884,0,0.644,0.64,0.648,-9.8,-14.81,-3.19,0.828,3.65
"Ackerman Clearing","ackerman",1,"24 hour","2019-02-13 00:00:00",885,0,0.678,0.64,0.799,-12.76,-17.21,-8.23,5.234,10.64
"Ackerman Clearing","ackerman",1,"24 hour","2019-02-14 00:00:00",886,1.27,0.886,0,0.941,-5.77,-9.31,-1.443,2.389,8.94
"Ackerman Clearing","ackerman",1,"24 hour","2019-02-15 00:00:00",887,0,0.941,0,0.967,-8.29,-11.85,-4.858,1.885,6.8
"Ackerman Clearing","ackerman",1,"24 hour","2019-02-16 00:00:00",888,0.254,0.925,0.914,0.937,-2.639,-7.287,1.151,3.647,7.625
"Ackerman Clearing","ackerman",1,"24 hour","2019-02-17 00:00:00",889,0,0.916,0.908,0.926,-7.67,-14.61,-3.372,1.383,3.75
"Ackerman Clearing","ackerman",1,"24 hour","2019-02-18 00:00:00",890,0,0.907,0.898,0.913,-10.42,-18.67,-1.229,1.212,5.275
"Ackerman Clearing","ackerman",1,"24 hour","2019-02-19 00:00:00",891,0.254,0.943,0.878,0.997,-10.89,-18.22,-5.117,1.62,4.45
"Ackerman Clearing","ackerman",1,"24 hour","2019-02-20 00:00:00",892,0,0.942,0.926,0.959,-14.73,-21.55,-7.881,1.08,4.363
"Ackerman Clearing","ackerman",1,"24 hour","2019-02-21 00:00:00",893,0,0.921,0.916,0.927,-9.84,-15.35,-5.039,2.417,7.825
"Ackerman Clearing","ackerman",1,"24 hour","2019-02-22 00:00:00",894,0,0.92,0.909,0.927,-3.041,-8.15,-0.156,2.447,8.53
"Ackerman Clearing","ackerman",1,"24 hour","2019-02-23 00:00:00",895,0,0.917,0.907,0.924,-4.697,-5.964,-2.498,1,3.338
"Ackerman Clearing","ackerman",1,"24 hour","2019-02-24 00:00:00",896,7.366,0.905,0.895,0.913,-2.973,-6.207,2.465,1.827,6.15
"Ackerman Clearing","ackerman",1,"24 hour","2019-02-25 00:00:00",897,1.27,0.9,0,0.959,-1.601,-3.726,0.513,1.487,8.54
"Ackerman Clearing","ackerman",1,"24 hour","2019-02-26 00:00:00",898,0,0.96,0.928,0.987,-7.496,-11.94,-3.273,0,0
"Ackerman Clearing","ackerman",1,"24 hour","2019-02-27 00:00:00",899,0,0.972,0.955,1.01,-15.7,-21.7,-10.75,0,0
"Ackerman Clearing","ackerman",1,"24 hour","2019-02-28 00:00:00",900,0,0.957,0.947,1.022,-18.2,-24.01,-13.67,0,0
"Ackerman Clearing","ackerman",1,"24 hour","2019-03-01 00:00:00",901,6.35,1.001,0,1.056,-12.29,-18.98,-5.158,0,0
"Ackerman Clearing","ackerman",1,"24 hour","2019-03-02 00:00:00",902,0.508,0.958,0.938,0.977,-7.863,-17.94,1.419,0.452,3.375
"Ackerman Clearing","ackerman",1,"24 hour","2019-03-03 00:00:00",903,0,0.938,0.913,0.95,-3.903,-9.25,3.615,0.889,4.95
"Ackerman Clearing","ackerman",1,"24 hour","2019-03-04 00:00:00",904,0,0.954,0,0.992,-4.925,-6.851,-1.393,0.542,2.8
"Ackerman Clearing","ackerman",1,"24 hour","2019-03-05 00:00:00",905,0,0.971,0.964,0.98,-8.89,-15.42,-2.69,1.243,4.45
"Ackerman Clearing","ackerman",1,"24 hour","2019-03-06 00:00:00",906,0,0.961,0,0.98,-13.52,-17.16,-8.35,1.188,4.713
"Ackerman Clearing","ackerman",1,"24 hour","2019-03-07 00:00:00",907,0,0.957,0,0.981,-15.95,-21.23,-9.89,1.314,5.025
"Ackerman Clearing","ackerman",1,"24 hour","2019-03-08 00:00:00",908,0,0.953,0.947,0.96,-14.86,-20.23,-7.233,1.084,4.75
"Ackerman Clearing","ackerman",1,"24 hour","2019-03-09 00:00:00",909,3.556,0.943,0.93,0.963,-7.826,-14.93,0.67,1.279,5.437
"Ackerman Clearing","ackerman",1,"24 hour","2019-03-10 00:00:00",910,0,0.916,0.897,0.934,-5.294,-14.15,4.711,2.158,8.19
"Ackerman Clearing","ackerman",1,"24 hour","2019-03-11 00:00:00",911,0,0.933,0.896,0.965,-3.048,-5.856,-0.129,6.004,14.7
"Ackerman Clearing","ackerman",1,"24 hour","2019-03-12 00:00:00",912,0,0.965,0.955,0.997,-2.244,-4.938,-0.558,2.463,8.5
"Ackerman Clearing","ackerman",1,"24 hour","2019-03-13 00:00:00",913,3.81,1.011,0.97,1.066,-5.028,-9,-0.655,1.297,4.237
"Ackerman Clearing","ackerman",1,"24 hour","2019-03-14 00:00:00",914,1.778,0.982,0.966,1.018,-3.725,-9.25,1.286,1.428,5.375
"Ackerman Clearing","ackerman",1,"24 hour","2019-03-15 00:00:00",915,6.604,0.96,0.906,1.013,3.884,-2.096,11.25,4.517,9.72
"Ackerman Clearing","ackerman",1,"24 hour","2019-03-16 00:00:00",916,6.858,0.863,0.823,0.909,4.84,0.454,12.79,2.637,9.19
"Ackerman Clearing","ackerman",1,"24 hour","2019-03-17 00:00:00",917,0,0.834,0.814,0.861,-3.306,-7.032,0.522,2.183,7.325
"Ackerman Clearing","ackerman",1,"24 hour","2019-03-18 00:00:00",918,1.524,0.838,0.824,0.852,-7.28,-10.29,-3.19,1.417,5.7
"Ackerman Clearing","ackerman",1,"24 hour","2019-03-19 00:00:00",919,1.524,0.843,0.829,0.86,-6.212,-13.26,-0.118,0.83,5.463
"Ackerman Clearing","ackerman",1,"24 hour","2019-03-20 00:00:00",920,2.032,0.816,0,1.61,-4.494,-10.6,2.153,0.696,4.012
"Ackerman Clearing","ackerman",1,"24 hour","2019-03-21 00:00:00",921,0,0.805,0.786,0.822,-1.296,-11.68,7.6,1.548,5.275
"Ackerman Clearing","ackerman",1,"24 hour","2019-03-22 00:00:00",922,1.016,0.789,0.779,0.815,1.278,-1.352,6.625,3.176,7.612
"Ackerman Clearing","ackerman",1,"24 hour","2019-03-23 00:00:00",923,11.18,0.88,0,1.61,-1.027,-5.824,1.712,1.13,4.925
"Ackerman Clearing","ackerman",1,"24 hour","2019-03-24 00:00:00",924,1.016,0.937,0,1.013,-6.85,-10.17,-1.303,1.888,4.837
"Ackerman Clearing","ackerman",1,"24 hour","2019-03-25 00:00:00",925,11.68,0.91,0.869,0.957,0.2,-7.502,7.452,1.72,5.013
"Ackerman Clearing","ackerman",1,"24 hour","2019-03-26 00:00:00",926,0.508,0.864,0.853,0.879,-4.605,-10.22,0.722,1.177,4.487
"Ackerman Clearing","ackerman",1,"24 hour","2019-03-27 00:00:00",927,0,0.846,0.831,0.856,-5.999,-12.74,1.322,0.959,4.125
"Ackerman Clearing","ackerman",1,"24 hour","2019-03-28 00:00:00",928,0,0.827,0.808,0.84,-2.001,-12.2,6.324,1.846,6.4
"Ackerman Clearing","ackerman",1,"24 hour","2019-03-29 00:00:00",929,0,0.801,0.779,0.817,3.448,-3.593,8.22,3.292,7.563
"Ackerman Clearing","ackerman",1,"24 hour","2019-03-30 00:00:00",930,0.762,0.769,0.755,0.784,4.026,-2.329,8.57,0.813,3.638
"Ackerman Clearing","ackerman",1,"24 hour","2019-03-31 00:00:00",931,0.508,0.736,0.687,0.763,4.271,-3.04,11.68,4.236,9.43
"Ackerman Clearing","ackerman",1,"24 hour","2019-04-01 00:00:00",932,4.064,0.672,0,0.696,1.573,-4.758,9.03,1.976,7.712
"Ackerman Clearing","ackerman",1,"24 hour","2019-04-02 00:00:00",933,1.016,0.671,0,0.721,-4.824,-8.79,-0.121,1.091,4.938
"Ackerman Clearing","ackerman",1,"24 hour","2019-04-03 00:00:00",934,0,0.649,0.62,0.671,-0.454,-9.95,6.445,3.315,7.688
"Ackerman Clearing","ackerman",1,"24 hour","2019-04-04 00:00:00",935,0.254,0.62,0.605,0.635,0.856,-3.9,8.52,3.025,8.61
"Ackerman Clearing","ackerman",1,"24 hour","2019-04-05 00:00:00",936,0,0.598,0.584,0.615,-3.066,-6.885,1.138,2.016,5.575
"Ackerman Clearing","ackerman",1,"24 hour","2019-04-06 00:00:00",937,0,0.597,0,1.61,-3.459,-8.96,2.209,2.641,6.6
"Ackerman Clearing","ackerman",1,"24 hour","2019-04-07 00:00:00",938,7.366,0.624,0.6,0.667,2.048,-1.772,7.194,0.549,3.163
"Ackerman Clearing","ackerman",1,"24 hour","2019-04-08 00:00:00",939,0,0.578,0.543,0.604,5.619,-0.05,12.64,0.969,5.8
"Ackerman Clearing","ackerman",1,"24 hour","2019-04-09 00:00:00",940,11.18,0.532,0.505,1.499,4.82,1.748,8.77,3.155,7.775
"Ackerman Clearing","ackerman",1,"24 hour","2019-04-10 00:00:00",941,8.64,0.497,0.464,1.499,1.861,-3.039,7.657,1.975,6.988
"Ackerman Clearing","ackerman",1,"24 hour","2019-04-11 00:00:00",942,0,0.466,0.462,0.471,-3.179,-6.009,-1.598,1.149,3.525
"Ackerman Clearing","ackerman",1,"24 hour","2019-04-12 00:00:00",943,0.254,0.443,0.414,0.469,-0.018,-8.3,7.13,1.067,4.7
"Ackerman Clearing","ackerman",1,"24 hour","2019-04-13 00:00:00",944,1.778,0.384,0.317,0.419,6.388,1.132,14.43,4.528,9.09
"Ackerman Clearing","ackerman",1,"24 hour","2019-04-14 00:00:00",945,0.254,0.276,0.202,1.61,10.3,3.824,16.33,1.711,5.6
"Ackerman Clearing","ackerman",1,"24 hour","2019-04-15 00:00:00",946,8.13,0.198,0.171,0.217,3.143,-0.904,7.279,2.519,8.22
"Ackerman Clearing","ackerman",1,"24 hour","2019-04-16 00:00:00",947,8.13,0.15,0,1.61,3.451,-1.841,10.28,2.325,6.575
"Ackerman Clearing","ackerman",1,"24 hour","2019-04-17 00:00:00",948,1.524,0.114,0.068,0.154,1.635,-2.267,7.572,1.819,5.8
"Ackerman Clearing","ackerman",1,"24 hour","2019-04-18 00:00:00",949,0,0.034,0,0.073,5.025,-2.323,13.02,1.41,4.675
"Ackerman Clearing","ackerman",1,"24 hour","2019-04-19 00:00:00",950,0.254,0,0,0,6.935,-0.222,11.92,5.676,10.09
"Ackerman Clearing","ackerman",1,"24 hour","2019-04-20 00:00:00",951,20.57,0,0,0,13.68,9.46,18.42,2.92,6.063
"Ackerman Clearing","ackerman",1,"24 hour","2019-04-21 00:00:00",952,18.03,0,0,0,12.34,9.75,14.17,3.83,9.66
"Ackerman Clearing","ackerman",1,"24 hour","2019-04-22 00:00:00",953,0,0,0,0,11.43,6.937,18.75,1.741,5.712
"Ackerman Clearing","ackerman",1,"24 hour","2019-04-23 00:00:00",954,0,0,0,0,11.31,6.468,21.12,1.16,4
"Ackerman Clearing","ackerman",1,"24 hour","2019-04-24 00:00:00",955,4.572,0,0,0,13.26,5.704,23.31,1.742,6.587
"Ackerman Clearing","ackerman",1,"24 hour","2019-04-25 00:00:00",956,2.032,0,0,0,2.957,1.596,9.79,1.563,6.537
"Ackerman Clearing","ackerman",1,"24 hour","2019-04-26 00:00:00",957,0.254,0,0,0,7.401,1.799,16.59,0.741,3.8
"Ackerman Clearing","ackerman",1,"24 hour","2019-04-27 00:00:00",958,24.13,0,0,0,7.314,4.487,8.9,4.897,10.2
"Ackerman Clearing","ackerman",1,"24 hour","2019-04-28 00:00:00",959,5.842,0,0,0,0.888,-0.681,4.497,1.831,6.862
"Ackerman Clearing","ackerman",1,"24 hour","2019-04-29 00:00:00",960,1.778,0,0,0,1.345,-2.071,6.902,0.886,3.638
"Ackerman Clearing","ackerman",1,"24 hour","2019-04-30 00:00:00",961,0,0,0,0,2.676,-3.935,8.74,1.2,4.825
"Ackerman Clearing","ackerman",1,"24 hour","2019-05-01 00:00:00",962,1.27,0,0,0,4.19,0.745,10.19,1.336,4.975
"Ackerman Clearing","ackerman",1,"24 hour","2019-05-02 00:00:00",963,6.604,0,0,0,2.458,0.88,4.542,3.458,9.05
"Ackerman Clearing","ackerman",1,"24 hour","2019-05-03 00:00:00",964,2.794,0,0,0,9.21,4.474,17.51,1.111,3.963
"Ackerman Clearing","ackerman",1,"24 hour","2019-05-04 00:00:00",965,12.7,0,0,0,9.18,6.703,11.69,1.652,5.75
"Ackerman Clearing","ackerman",1,"24 hour","2019-05-05 00:00:00",966,0.254,0,0,0,10.18,7.081,16.43,0.853,3.413
"Ackerman Clearing","ackerman",1,"24 hour","2019-05-06 00:00:00",967,0,0,0,0,11.45,5.397,17.98,1.734,5.425
"Ackerman Clearing","ackerman",1,"24 hour","2019-05-07 00:00:00",968,0,0,0,0,14.79,9.61,21.29,0.718,3.462
"Ackerman Clearing","ackerman",1,"24 hour","2019-05-08 00:00:00",969,9.14,0,0,0,10.54,5.911,13.18,0.587,3.113
"Ackerman Clearing","ackerman",1,"24 hour","2019-05-09 00:00:00",970,0,0,0,0,6.478,0.242,13.18,1.112,4.375
"Ackerman Clearing","ackerman",1,"24 hour","2019-05-10 00:00:00",971,1.27,0,0,0,8.21,1.365,15.72,4.5,8.68
"Ackerman Clearing","ackerman",1,"24 hour","2019-05-11 00:00:00",972,38.35,0,0,0,8.28,4.936,14.82,3.237,7.763
"Ackerman Clearing","ackerman",1,"24 hour","2019-05-12 00:00:00",973,0.508,0,0,0,6.881,2.866,12.01,1.249,5.125
"Ackerman Clearing","ackerman",1,"24 hour","2019-05-13 00:00:00",974,0,0,0,0,6.697,3.815,8.91,1.262,5.612
"Ackerman Clearing","ackerman",1,"24 hour","2019-05-14 00:00:00",975,17.53,0,0,0,4.708,0.295,9.06,3.219,8
"Ackerman Clearing","ackerman",1,"24 hour","2019-05-15 00:00:00",976,7.62,0,0,0,2.585,0.256,5.533,1.641,5.775
"Ackerman Clearing","ackerman",1,"24 hour","2019-05-16 00:00:00",977,1.524,0,0,0,6.824,1.944,15.56,0.659,4.25
"Ackerman Clearing","ackerman",1,"24 hour","2019-05-17 00:00:00",978,0.254,0,0,0,10.28,5.604,16.79,0.89,4.938
"Ackerman Clearing","ackerman",1,"24 hour","2019-05-18 00:00:00",979,9.14,0,0,0,10.61,3.813,20.88,2.088,6.675
"Ackerman Clearing","ackerman",1,"24 hour","2019-05-19 00:00:00",980,0,0,0,0,10.06,2.35,18.61,1.226,4.338
"Ackerman Clearing","ackerman",1,"24 hour","2019-05-20 00:00:00",981,19.81,0,0,0,16.22,8.99,28.69,2.298,6.962
"Ackerman Clearing","ackerman",1,"24 hour","2019-05-21 00:00:00",982,3.302,0,0,0,14.94,6.427,20.85,1.609,5.9
"Ackerman Clearing","ackerman",1,"24 hour","2019-05-22 00:00:00",983,1.016,0,0,0,7.475,3.727,13.32,1.795,5.725
"Ackerman Clearing","ackerman",1,"24 hour","2019-05-23 00:00:00",984,0,0,0,0,11.31,2.602,19.34,1.327,5.237
"Ackerman Clearing","ackerman",1,"24 hour","2019-05-24 00:00:00",985,15.49,0,0,0,14.19,8.91,21.54,2.593,6.65
"Ackerman Clearing","ackerman",1,"24 hour","2019-05-25 00:00:00",986,2.54,0,0,0,10.23,7.322,11.83,1.102,4.687
"Ackerman Clearing","ackerman",1,"24 hour","2019-05-26 00:00:00",987,16.76,0,0,0,11.27,5.284,16.4,2.752,6.725
"Ackerman Clearing","ackerman",1,"24 hour","2019-05-27 00:00:00",988,2.032,0,0,0,17.18,9.9,24.27,1.25,5.288
"Ackerman Clearing","ackerman",1,"24 hour","2019-05-28 00:00:00",989,0,0,0,0,12.69,6.578,21.05,0.807,4.3
"Ackerman Clearing","ackerman",1,"24 hour","2019-05-29 00:00:00",990,21.34,0,0,0,6.253,5.235,7.292,2.651,7.825
"Ackerman Clearing","ackerman",1,"24 hour","2019-05-30 00:00:00",991,0.254,0,0,0,10.66,5.576,18.24,0.374,3.25
"Ackerman Clearing","ackerman",1,"24 hour","2019-05-31 00:00:00",992,0,0,0,0,14.66,9.85,20.53,0.932,4.363
"Ackerman Clearing","ackerman",1,"24 hour","2019-06-01 00:00:00",993,0,0,0,0.006,13.32,7.671,19.36,0.937,3.775
"Ackerman Clearing","ackerman",1,"24 hour","2019-06-02 00:00:00",994,6.35,0.001,0,0.009,13.91,5.605,22.27,1.157,4.462
"Ackerman Clearing","ackerman",1,"24 hour","2019-06-03 00:00:00",995,3.302,0.003,0,0.016,13.09,7.029,17.01,1.235,4.237
"Ackerman Clearing","ackerman",1,"24 hour","2019-06-04 00:00:00",996,1.27,0.008,0,0.027,6.514,3.19,11.58,1.519,6.15
"Ackerman Clearing","ackerman",1,"24 hour","2019-06-05 00:00:00",997,8.89,0.012,0,0.037,7.887,3.172,16.68,0.871,5.15
"Ackerman Clearing","ackerman",1,"24 hour","2019-06-06 00:00:00",998,39.37,0.008,0,0.027,12.68,7.302,18.1,0.656,3
"Ackerman Clearing","ackerman",1,"24 hour","2019-06-07 00:00:00",999,3.048,0.011,0,0.035,15.32,9.96,22.47,0.755,3.275
"Ackerman Clearing","ackerman",1,"24 hour","2019-06-08 00:00:00",1000,0,0.015,0,0.046,15,5.527,24.6,0.674,3.525
"Ackerman Clearing","ackerman",1,"24 hour","2019-06-09 00:00:00",1001,0,0.019,0,0.05,16.22,7.42,25.66,0.956,3.288
"Ackerman Clearing","ackerman",1,"24 hour","2019-06-10 00:00:00",1002,0,0.022,0,0.039,17.91,6.832,27.57,1.917,4.913
"Ackerman Clearing","ackerman",1,"24 hour","2019-06-11 00:00:00",1003,8.13,0.023,0,0.062,16.03,9.69,25.25,3.368,8.48
"Ackerman Clearing","ackerman",1,"24 hour","2019-06-12 00:00:00",1004,9.65,0.027,0,0.195,12.75,8.46,17.41,1.451,4.862
"Ackerman Clearing","ackerman",1,"24 hour","2019-06-13 00:00:00",1005,0.254,0.024,0,0.179,14.39,5.882,22.27,1.741,5.775
"Ackerman Clearing","ackerman",1,"24 hour","2019-06-14 00:00:00",1006,1.27,0.03,0,0.057,11.26,9.42,16.97,3.329,9.5
"Ackerman Clearing","ackerman",1,"24 hour","2019-06-15 00:00:00",1007,2.794,0.044,0,0.449,10.16,8.61,12.03,1.492,5.013
"Ackerman Clearing","ackerman",1,"24 hour","2019-06-16 00:00:00",1008,3.302,0.071,0,1.497,14.97,8.63,23.02,1.915,7.5
"Ackerman Clearing","ackerman",1,"24 hour","2019-06-17 00:00:00",1009,2.286,0.118,0,0.483,13.66,9.28,18.24,0.224,1.663
"Ackerman Clearing","ackerman",1,"24 hour","2019-06-18 00:00:00",1010,0,0.12,0,0.356,15.2,8.05,23.7,0.571,2.95
"Ackerman Clearing","ackerman",1,"24 hour","2019-06-19 00:00:00",1011,0,0.189,0,0.249,17.42,12.48,24.45,0.947,4.212
"Ackerman Clearing","ackerman",1,"24 hour","2019-06-20 00:00:00",1012,0,0.157,0,0.235,18.42,13.05,25.79,1.026,3.475
"Ackerman Clearing","ackerman",1,"24 hour","2019-06-21 00:00:00",1013,53.09,0.063,0,0.223,16.25,13.61,18.57,1.054,4.975
"Ackerman Clearing","ackerman",1,"24 hour","2019-06-22 00:00:00",1014,0.254,0,0,0,14.31,9.87,20.22,0.919,3.688
"Ackerman Clearing","ackerman",1,"24 hour","2019-06-23 00:00:00",1015,0,0,0,0,14.59,8.81,20.84,1.02,4.225
"Ackerman Clearing","ackerman",1,"24 hour","2019-06-24 00:00:00",1016,0,0,0,0,17.26,10.65,25.1,1.048,4.35
"Ackerman Clearing","ackerman",1,"24 hour","2019-06-25 00:00:00",1017,0,0,0,0,18.24,10.55,26.78,0.875,4.188
"Ackerman Clearing","ackerman",1,"24 hour","2019-06-26 00:00:00",1018,6.858,0,0,0,17.86,14.32,24.98,2.012,5.275
"Ackerman Clearing","ackerman",1,"24 hour","2019-06-27 00:00:00",1019,0,0,0,0,19.22,13.44,26.76,0.844,4.088
"Ackerman Clearing","ackerman",1,"24 hour","2019-06-28 00:00:00",1020,0,0,0,0,20.09,14.62,26.95,0.929,4.2
"Ackerman Clearing","ackerman",1,"24 hour","2019-06-29 00:00:00",1021,0,0,0,0,19.91,13.28,28.4,0.543,3.438
"Ackerman Clearing","ackerman",1,"24 hour","2019-06-30 00:00:00",1022,5.334,0,0,0,18.17,14.26,24.34,0.61,4.05
"Ackerman Clearing","ackerman",1,"24 hour","2019-07-01 00:00:00",1023,9.91,0,0,0,14.43,12.5,17.78,0.757,3.213
"Ackerman Clearing","ackerman",1,"24 hour","2019-07-02 00:00:00",1024,0,0,0,0,18.03,13.55,24.94,0.638,3.35
"Ackerman Clearing","ackerman",1,"24 hour","2019-07-03 00:00:00",1025,0.762,0,0,0,18.87,13.9,26.44,0.558,3.688
"Ackerman Clearing","ackerman",1,"24 hour","2019-07-04 00:00:00",1026,0,0,0,0,20.43,13.72,28.35,0.447,3.075
"Ackerman Clearing","ackerman",1,"24 hour","2019-07-05 00:00:00",1027,0,0,0,0,21.41,14.25,28.53,1.098,3.825
"Ackerman Clearing","ackerman",1,"24 hour","2019-07-06 00:00:00",1028,0,0,0,0,21.87,16.93,28.04,1.482,4.987
"Ackerman Clearing","ackerman",1,"24 hour","2019-07-07 00:00:00",1029,20.32,0,0,0,20.83,14.49,25.9,0.39,3.575
"Ackerman Clearing","ackerman",1,"24 hour","2019-07-08 00:00:00",1030,0,0,0,0,16.71,10.47,24.27,0.551,2.95
"Ackerman Clearing","ackerman",1,"24 hour","2019-07-09 00:00:00",1031,0,0,0,0,17.13,8.65,26.96,0.354,2.85
"Ackerman Clearing","ackerman",1,"24 hour","2019-07-10 00:00:00",1032,0,0,0,0,18.58,10.96,26.61,0.442,3.8
"Ackerman Clearing","ackerman",1,"24 hour","2019-07-11 00:00:00",1033,0,0,0,0,20.22,11.78,28.96,0.457,3.013
"Ackerman Clearing","ackerman",1,"24 hour","2019-07-12 00:00:00",1034,21.08,0,0,0,19.9,15.88,24.51,1.748,6.288
"Ackerman Clearing","ackerman",1,"24 hour","2019-07-13 00:00:00",1035,0.254,0,0,0,18.47,16.54,23.29,0.685,3.125
"Ackerman Clearing","ackerman",1,"24 hour","2019-07-14 00:00:00",1036,1.016,0,0,0,19.57,15.31,26.99,0.713,3.888
"Ackerman Clearing","ackerman",1,"24 hour","2019-07-15 00:00:00",1037,0,0,0,0,18.44,14.07,23.85,0.468,3.25
"Ackerman Clearing","ackerman",1,"24 hour","2019-07-16 00:00:00",1038,0,0,0,0,16.96,11.26,24.47,0.263,3.3
"Ackerman Clearing","ackerman",1,"24 hour","2019-07-17 00:00:00",1039,0,0,0,0,19.79,10.61,28.18,0.937,4.813
"Ackerman Clearing","ackerman",1,"24 hour","2019-07-18 00:00:00",1040,7.62,0,0,0,20.29,17.74,23.11,0.221,2.788
"Ackerman Clearing","ackerman",1,"24 hour","2019-07-19 00:00:00",1041,1.27,0,0,0,20.24,14.39,26.78,1.189,4.962
"Ackerman Clearing","ackerman",1,"24 hour","2019-07-20 00:00:00",1042,0,0,0,0,22.72,17.65,28.06,0.812,4.188
"Ackerman Clearing","ackerman",1,"24 hour","2019-07-21 00:00:00",1043,1.524,0,0,0,24.53,20.6,30.22,0.733,4.1
"Ackerman Clearing","ackerman",1,"24 hour","2019-07-22 00:00:00",1044,0,0,0,0,22.49,16.43,27.51,0.981,3.8
"Ackerman Clearing","ackerman",1,"24 hour","2019-07-23 00:00:00",1045,11.43,0.001,0,1.046,15.8,14.6,17.03,0.377,4.438
"Ackerman Clearing","ackerman",1,"24 hour","2019-07-24 00:00:00",1046,0.254,0,0,0,16.64,12.79,23.92,0.261,3.075
"Ackerman Clearing","ackerman",1,"24 hour","2019-07-25 00:00:00",1047,0,0,0,0,16.06,10.4,23.17,0.333,2.675
"Ackerman Clearing","ackerman",1,"24 hour","2019-07-26 00:00:00",1048,0,0,0,0,17.39,9.61,25.38,0.338,2.65
"Ackerman Clearing","ackerman",1,"24 hour","2019-07-27 00:00:00",1049,0,0,0,0,19.52,11.26,28.11,0.234,2.525
"Ackerman Clearing","ackerman",1,"24 hour","2019-07-28 00:00:00",1050,0.254,0,0,0,20.24,13.65,27.75,0.708,5.525
"Ackerman Clearing","ackerman",1,"24 hour","2019-07-29 00:00:00",1051,0,0,0,0,20.75,15.08,26.6,0.785,5.188
"Ackerman Clearing","ackerman",1,"24 hour","2019-07-30 00:00:00",1052,0,0,0,0,22.84,18.28,29.12,0.62,3.863
"Ackerman Clearing","ackerman",1,"24 hour","2019-07-31 00:00:00",1053,3.302,0,0,0,20.98,17.35,29.54,0.942,6.775
"Ackerman Clearing","ackerman",1,"24 hour","2019-08-01 00:00:00",1054,5.334,0,0,0.013,19.56,14.84,25.37,0.471,3.575
"Ackerman Clearing","ackerman",1,"24 hour","2019-08-02 00:00:00",1055,0,0,0,0,17.57,12.31,24.89,0.438,3.025
"Ackerman Clearing","ackerman",1,"24 hour","2019-08-03 00:00:00",1056,0,0,0,0,17.48,8.77,26.04,0.305,2.938
"Ackerman Clearing","ackerman",1,"24 hour","2019-08-04 00:00:00",1057,0,0,0,0,18.64,10.82,27.24,0.51,4.212
"Ackerman Clearing","ackerman",1,"24 hour","2019-08-05 00:00:00",1058,0,0,0,0,17.45,11.22,23.4,0.624,3.275
"Ackerman Clearing","ackerman",1,"24 hour","2019-08-06 00:00:00",1059,0,0,0,0,17.07,8.16,25.4,0.583,4.025
"Ackerman Clearing","ackerman",1,"24 hour","2019-08-07 00:00:00",1060,0,0,0,0,18.4,9.77,27.23,1.39,5.013
"Ackerman Clearing","ackerman",1,"24 hour","2019-08-08 00:00:00",1061,3.048,0,0,0,19.5,16.18,25.55,1.132,5.313
"Ackerman Clearing","ackerman",1,"24 hour","2019-08-09 00:00:00",1062,4.318,0,0,0,19.41,16.44,25.29,0.753,4.1
"Ackerman Clearing","ackerman",1,"24 hour","2019-08-10 00:00:00",1063,10.16,0,0,0,16.37,10.67,22.65,0.972,4.212
"Ackerman Clearing","ackerman",1,"24 hour","2019-08-11 00:00:00",1064,7.366,0,0,0,13.09,10.42,18.94,0.648,3.313
"Ackerman Clearing","ackerman",1,"24 hour","2019-08-12 00:00:00",1065,0,0,0,0,15.5,9.29,22.04,0.784,3.438
"Ackerman Clearing","ackerman",1,"24 hour","2019-08-13 00:00:00",1066,0.254,0,0,0,18.96,12.35,25.29,0.885,4.625
"Ackerman Clearing","ackerman",1,"24 hour","2019-08-14 00:00:00",1067,20.07,0,0,0,18.76,13.62,25.46,0.546,3.538
"Ackerman Clearing","ackerman",1,"24 hour","2019-08-15 00:00:00",1068,0,0,0,0,16.22,10.36,24.74,0.399,3.263
"Ackerman Clearing","ackerman",1,"24 hour","2019-08-16 00:00:00",1069,6.096,0,0,0,16.74,10.19,24.34,1.123,4.175
"Ackerman Clearing","ackerman",1,"24 hour","2019-08-17 00:00:00",1070,3.048,0,0,0,17.68,15.23,21.57,1.739,3.713
"Ackerman Clearing","ackerman",1,"24 hour","2019-08-18 00:00:00",1071,4.572,0,0,0,18.31,15.92,24.93,1.39,4.237
"Ackerman Clearing","ackerman",1,"24 hour","2019-08-19 00:00:00",1072,1.524,0,0,0,19.3,15.1,25.36,1.296,4.563
"Ackerman Clearing","ackerman",1,"24 hour","2019-08-20 00:00:00",1073,2.032,0,0,0,19.46,14.89,25.09,1.051,3.888
"Ackerman Clearing","ackerman",1,"24 hour","2019-08-21 00:00:00",1074,0,0,0,0,18.42,11.65,26.59,0.556,4.075
"Ackerman Clearing","ackerman",1,"24 hour","2019-08-22 00:00:00",1075,9.65,0,0,0,16.33,11.97,21.45,0.853,4.513
"Ackerman Clearing","ackerman",1,"24 hour","2019-08-23 00:00:00",1076,0,0,0,0,17.85,12.64,22.71,0.789,3.825
"Ackerman Clearing","ackerman",1,"24 hour","2019-08-24 00:00:00",1077,0,0,0,0.005,13.63,8.24,20.39,0.572,3.087
"Ackerman Clearing","ackerman",1,"24 hour","2019-08-25 00:00:00",1078,0,0,0,0.012,12.97,7.122,20.67,0.468,2.888
"Ackerman Clearing","ackerman",1,"24 hour","2019-08-26 00:00:00",1079,0,0,0,0,15.12,8.99,22.54,1.206,4.6
"Ackerman Clearing","ackerman",1,"24 hour","2019-08-27 00:00:00",1080,0,0,0,0,15.05,7.513,23.33,1.158,5.163
"Ackerman Clearing","ackerman",1,"24 hour","2019-08-28 00:00:00",1081,0,0,0,0,15.16,7.693,23.24,2.168,5.812
"Ackerman Clearing","ackerman",1,"24 hour","2019-08-29 00:00:00",1082,37.59,0,0,0,16.07,13.66,17.82,1.442,4.825
"Ackerman Clearing","ackerman",1,"24 hour","2019-08-30 00:00:00",1083,0,0,0,0,15.43,10.5,21.29,0.639,4.063
"Ackerman Clearing","ackerman",1,"24 hour","2019-08-31 00:00:00",1084,0,0,0,0.012,14.68,8.71,22.31,1.18,5.7
"Ackerman Clearing","ackerman",1,"24 hour","2019-09-01 00:00:00",1085,0,0,0,0,12.57,8.4,19.75,0.611,3.55
"Ackerman Clearing","ackerman",1,"24 hour","2019-09-02 00:00:00",1086,4.064,0,0,0,12.88,6.876,19.74,2.014,5.237
"Ackerman Clearing","ackerman",1,"24 hour","2019-09-03 00:00:00",1087,23.37,0,0,0,14.65,13.01,17.47,1.483,5.025
"Ackerman Clearing","ackerman",1,"24 hour","2019-09-04 00:00:00",1088,0.254,0.001,0,1.047,15.81,12.97,21.5,1.214,4.913
"Ackerman Clearing","ackerman",1,"24 hour","2019-09-05 00:00:00",1089,17.78,0.001,0,0.911,15.31,8.72,22.91,1.993,5.663
"Ackerman Clearing","ackerman",1,"24 hour","2019-09-06 00:00:00",1090,0,0,0,0.038,12.55,8.01,20.11,0.395,2.913
"Ackerman Clearing","ackerman",1,"24 hour","2019-09-07 00:00:00",1091,0,0,0,0.005,13.18,6.673,20.77,1.897,5.587
"Ackerman Clearing","ackerman",1,"24 hour","2019-09-08 00:00:00",1092,4.826,0,0,0.028,11.75,8.59,17.01,0.833,3.713
"Ackerman Clearing","ackerman",1,"24 hour","2019-09-09 00:00:00",1093,0,0,0,0,10.96,7.736,15.01,0.563,3.3
"Ackerman Clearing","ackerman",1,"24 hour","2019-09-10 00:00:00",1094,0,0.001,0,0.034,10.72,6.422,18.15,0.385,2.463
"Ackerman Clearing","ackerman",1,"24 hour","2019-09-11 00:00:00",1095,7.874,0.001,0,0.035,13.65,4.726,21.35,1.933,5.375
"Ackerman Clearing","ackerman",1,"24 hour","2019-09-12 00:00:00",1096,7.366,0,0,0,18.75,13.9,24.51,0.818,4.175
"Ackerman Clearing","ackerman",1,"24 hour","2019-09-13 00:00:00",1097,0,0,0,0.029,11.94,6.452,17.31,0.579,3.138
"Ackerman Clearing","ackerman",1,"24 hour","2019-09-14 00:00:00",1098,0,0,0,0.012,10.75,2.295,17.51,3.713,9.71
"Ackerman Clearing","ackerman",1,"24 hour","2019-09-15 00:00:00",1099,1.016,0,0,0.039,13.61,10.08,19.2,2.729,8.35
"Ackerman Clearing","ackerman",1,"24 hour","2019-09-16 00:00:00",1100,0,0,0,0,13.43,10.26,19.97,0.854,3.988
"Ackerman Clearing","ackerman",1,"24 hour","2019-09-17 00:00:00",1101,0,0,0,0.037,11.24,6.592,17.99,0.546,3.213
"Ackerman Clearing","ackerman",1,"24 hour","2019-09-18 00:00:00",1102,0,0,0,0.023,11.29,5.68,19.33,0.585,3.363
"Ackerman Clearing","ackerman",1,"24 hour","2019-09-19 00:00:00",1103,0,0,0,0.044,10.31,3.879,18.46,0.732,3.588
"Ackerman Clearing","ackerman",1,"24 hour","2019-09-20 00:00:00",1104,0,0,0,0.038,10.78,1.389,21.29,0.472,2.513
"Ackerman Clearing","ackerman",1,"24 hour","2019-09-21 00:00:00",1105,0,0,0,0.021,13.87,5.855,23.12,0.362,2.375
"Ackerman Clearing","ackerman",1,"24 hour","2019-09-22 00:00:00",1106,0,0.001,0,0.975,17.06,10.12,25.64,0.44,2.938
"Ackerman Clearing","ackerman",1,"24 hour","2019-09-23 00:00:00",1107,0,0,0,0,18.42,8.63,26.43,1.124,4.962
"Ackerman Clearing","ackerman",1,"24 hour","2019-09-24 00:00:00",1108,16.76,0,0,0,18.99,14.26,22.6,1.059,4.938
"Ackerman Clearing","ackerman",1,"24 hour","2019-09-25 00:00:00",1109,1.778,0,0,0,11.26,9.03,14.21,0.731,3.238
"Ackerman Clearing","ackerman",1,"24 hour","2019-09-26 00:00:00",1110,0,0,0,0.006,13.6,7.751,20.76,0.68,3.825
"Ackerman Clearing","ackerman",1,"24 hour","2019-09-27 00:00:00",1111,8.89,0,0,0.013,12.13,6.847,14.5,0.826,3.338
"Ackerman Clearing","ackerman",1,"24 hour","2019-09-28 00:00:00",1112,0,0.001,0,0.042,11.76,5.777,19.28,1.379,4.862
"Ackerman Clearing","ackerman",1,"24 hour","2019-09-29 00:00:00",1113,4.064,0,0,0.023,14.82,11.04,20.71,1.439,4.188
"Ackerman Clearing","ackerman",1,"24 hour","2019-09-30 00:00:00",1114,0.508,0.003,0,0.062,9.91,5.251,15.35,0.871,3.313
"Ackerman Clearing","ackerman",1,"24 hour","2019-10-01 00:00:00",1115,0.254,0.002,0,0.067,9.37,3.637,16.54,2.553,5.825
"Ackerman Clearing","ackerman",1,"24 hour","2019-10-02 00:00:00",1116,15.75,0,0,0,16.28,10.16,23.49,1.249,4.012
"Ackerman Clearing","ackerman",1,"24 hour","2019-10-03 00:00:00",1117,7.874,0.001,0,0.034,11.46,2.611,18.49,0.779,2.863
"Ackerman Clearing","ackerman",1,"24 hour","2019-10-04 00:00:00",1118,3.048,0.003,0,0.08,4.785,1.746,7.735,2.786,7.15
"Ackerman Clearing","ackerman",1,"24 hour","2019-10-05 00:00:00",1119,2.032,0.009,0,0.07,4.085,-0.912,7.507,1.02,3.738
"Ackerman Clearing","ackerman",1,"24 hour","2019-10-06 00:00:00",1120,0,0.005,0,0.062,4.166,-1.86,12.88,1.481,4.388
"Ackerman Clearing","ackerman",1,"24 hour","2019-10-07 00:00:00",1121,1.778,0.005,0,0.044,8.78,2.093,14.29,3.14,6.888
"Ackerman Clearing","ackerman",1,"24 hour","2019-10-08 00:00:00",1122,31.24,0,0,0,11.18,8.48,13.81,0.383,2.538
"Ackerman Clearing","ackerman",1,"24 hour","2019-10-09 00:00:00",1123,0,0.004,0,0.041,8.66,3.23,16.35,0.46,3.175
"Ackerman Clearing","ackerman",1,"24 hour","2019-10-10 00:00:00",1124,0,0.01,0,0.043,6.878,0.029,15.09,0.849,4.15
"Ackerman Clearing","ackerman",1,"24 hour","2019-10-11 00:00:00",1125,0,0.01,0,0.051,10.04,3.743,19.64,0.87,6.225
"Ackerman Clearing","ackerman",1,"24 hour","2019-10-12 00:00:00",1126,0,0.003,0,0.045,10.74,1.998,20.63,0.917,6.2
"Ackerman Clearing","ackerman",1,"24 hour","2019-10-13 00:00:00",1127,0.254,0.003,0,0.043,10.55,5.171,19.69,1.896,5
"Ackerman Clearing","ackerman",1,"24 hour","2019-10-14 00:00:00",1128,0,0.003,0,0.041,8.35,2.65,17.43,1.862,6.212
"Ackerman Clearing","ackerman",1,"24 hour","2019-10-15 00:00:00",1129,0,0,0,0.034,7.694,3.443,16.43,2.012,5.263
"Ackerman Clearing","ackerman",1,"24 hour","2019-10-16 00:00:00",1130,0,0.003,0,0.048,6.019,1.153,12.9,0.988,4.325
"Ackerman Clearing","ackerman",1,"24 hour","2019-10-17 00:00:00",1131,14.73,0,0,0.035,6.716,2.038,12.42,4.284,10.58
"Ackerman Clearing","ackerman",1,"24 hour","2019-10-18 00:00:00",1132,0,0,0,0,4.476,3.345,6.709,1.784,5.05
"Ackerman Clearing","ackerman",1,"24 hour","2019-10-19 00:00:00",1133,0,0,0,0,2.395,0.646,3.951,1.364,4.175
"Ackerman Clearing","ackerman",1,"24 hour","2019-10-20 00:00:00",1134,0,0.001,0,0.045,3.573,-1.137,10.85,0.588,2.75
"Ackerman Clearing","ackerman",1,"24 hour","2019-10-21 00:00:00",1135,0.254,0.004,0,0.06,3.735,-1.006,8.41,1.822,5.163
"Ackerman Clearing","ackerman",1,"24 hour","2019-10-22 00:00:00",1136,0,0.001,0,0.035,7.812,-0.039,17.86,1.676,7.788
"Ackerman Clearing","ackerman",1,"24 hour","2019-10-23 00:00:00",1137,0.254,0,0,0.022,9.65,7.439,12.24,5.745,10.96
"Ackerman Clearing","ackerman",1,"24 hour","2019-10-24 00:00:00",1138,0,0.002,0,0.039,7.962,4.044,12.6,1.112,5.563
"Ackerman Clearing","ackerman",1,"24 hour","2019-10-25 00:00:00",1139,0,0.001,0,0.035,6.832,2.901,14.9,1.171,7.213
"Ackerman Clearing","ackerman",1,"24 hour","2019-10-26 00:00:00",1140,0,0,0,0,4.782,2.496,7.024,0.209,2.8
"Ackerman Clearing","ackerman",1,"24 hour","2019-10-27 00:00:00",1141,0,0.004,0,0.042,4.961,0.804,10.55,1.294,5.563
"Ackerman Clearing","ackerman",1,"24 hour","2019-10-28 00:00:00",1142,0,0,0,0.015,5.629,3.491,9.11,5.002,13.49
"Ackerman Clearing","ackerman",1,"24 hour","2019-10-29 00:00:00",1143,0,0.001,0,0.038,8.55,7.052,11,1.81,6.938
"Ackerman Clearing","ackerman",1,"24 hour","2019-10-30 00:00:00",1144,0,0.001,0,0.029,9.61,7.746,13.25,3.556,6.975
"Ackerman Clearing","ackerman",1,"24 hour","2019-10-31 00:00:00",1145,0,0.001,0,0.021,11.76,9.56,15.8,1.809,6.788
"Ackerman Clearing","ackerman",1,"24 hour","2019-11-01 00:00:00",1146,0,0,0,0,13.77,10.87,17.21,3.634,8.37
"Ackerman Clearing","ackerman",1,"24 hour","2019-11-02 00:00:00",1147,0,0,0,0.012,2.004,-2.463,10.87,2.782,8.49
"Ackerman Clearing","ackerman",1,"24 hour","2019-11-03 00:00:00",1148,0,0,0,0.032,0.075,-3.252,2.905,1.29,4.813
"Ackerman Clearing","ackerman",1,"24 hour","2019-11-04 00:00:00",1149,0,0,0,0,0.594,-1.019,4.936,0.988,4.925
"Ackerman Clearing","ackerman",1,"24 hour","2019-11-05 00:00:00",1150,0.508,0,0,0.038,1.653,-2.135,4.6,2.875,7.788
"Ackerman Clearing","ackerman",1,"24 hour","2019-11-06 00:00:00",1151,0,0,0,0,3.395,-0.088,5.933,2.243,5.775
"Ackerman Clearing","ackerman",1,"24 hour","2019-11-07 00:00:00",1152,0,0,0,0.01,-0.048,-1.743,2.943,1.412,5.838
"Ackerman Clearing","ackerman",1,"24 hour","2019-11-08 00:00:00",1153,0,0,0,0,-1.206,-8.13,3.205,0.681,2.663
"Ackerman Clearing","ackerman",1,"24 hour","2019-11-09 00:00:00",1154,0,0,0,0.008,-7.683,-9.67,-4.948,1.061,3.388
"Ackerman Clearing","ackerman",1,"24 hour","2019-11-10 00:00:00",1155,0.254,0,0,0,-4.663,-10.36,0.289,2.081,6.325
"Ackerman Clearing","ackerman",1,"24 hour","2019-11-11 00:00:00",1156,0,0,0,0,-0.423,-4.22,2.853,1.592,5.638
"Ackerman Clearing","ackerman",1,"24 hour","2019-11-12 00:00:00",1157,0,0.008,0,0.036,-3.547,-6.053,-0.963,0.834,2.875
"Ackerman Clearing","ackerman",1,"24 hour","2019-11-13 00:00:00",1158,0,0.101,0,0.128,-10.13,-16.28,-5.301,1.717,4.513
"Ackerman Clearing","ackerman",1,"24 hour","2019-11-14 00:00:00",1159,0,0.105,0.082,0.12,-13.36,-17.27,-7.107,1.272,3.963
"Ackerman Clearing","ackerman",1,"24 hour","2019-11-15 00:00:00",1160,0,0.095,0.066,0.102,-7.464,-12.04,-3.717,3.156,6.312
"Ackerman Clearing","ackerman",1,"24 hour","2019-11-16 00:00:00",1161,0,0.086,0.065,0.109,-2.545,-10.01,-0.9,1.967,6.063
"Ackerman Clearing","ackerman",1,"24 hour","2019-11-17 00:00:00",1162,0,0.085,0.076,0.102,-10.91,-16.93,-3.553,0.901,3.138
"Ackerman Clearing","ackerman",1,"24 hour","2019-11-18 00:00:00",1163,0,0.086,0.067,0.098,-6.904,-15.91,1.058,3.324,6.925
"Ackerman Clearing","ackerman",1,"24 hour","2019-11-19 00:00:00",1164,0,0.075,0.062,0.085,-1.267,-7.792,3.099,1.721,5.525
"Ackerman Clearing","ackerman",1,"24 hour","2019-11-20 00:00:00",1165,0,0.067,0.033,0.107,-0.305,-2.091,2.168,0.531,2.225
"Ackerman Clearing","ackerman",1,"24 hour","2019-11-21 00:00:00",1166,0,0.06,0.053,0.068,-2.481,-3.484,-0.553,1.215,3.4
"Ackerman Clearing","ackerman",1,"24 hour","2019-11-22 00:00:00",1167,0,0.05,0.041,0.056,-1.093,-3.94,2.672,1.882,7.625
"Ackerman Clearing","ackerman",1,"24 hour","2019-11-23 00:00:00",1168,0,0.04,0.02,0.051,-0.303,-6.304,5.472,2.275,6.1
"Ackerman Clearing","ackerman",1,"24 hour","2019-11-24 00:00:00",1169,0,0.046,0.039,0.057,-4.253,-9.17,0.57,1.669,4.888
"Ackerman Clearing","ackerman",1,"24 hour","2019-11-25 00:00:00",1170,0,0.045,0.039,0.057,-0.909,-4.205,1.78,1.113,4.837
"Ackerman Clearing","ackerman",1,"24 hour","2019-11-26 00:00:00",1171,0,0.033,0.024,0.041,2.426,-1.016,7.217,1.088,4.088
"Ackerman Clearing","ackerman",1,"24 hour","2019-11-27 00:00:00",1172,0,0.017,0.002,0.029,2.939,-0.982,8.4,1.422,4.263
"Ackerman Clearing","ackerman",1,"24 hour","2019-11-28 00:00:00",1173,0,0.004,0,0.012,1.778,-2.375,5.413,3.181,10.67
"Ackerman Clearing","ackerman",1,"24 hour","2019-11-29 00:00:00",1174,0,0,0,0,-2.746,-6.733,1.645,0.521,4.675
"Ackerman Clearing","ackerman",1,"24 hour","2019-11-30 00:00:00",1175,0,0,0,0,-6.538,-8.87,-3.975,0,0
"Ackerman Clearing","ackerman",1,"24 hour","2019-12-01 00:00:00",1176,0,0,0,0,-9.53,-12.75,-5.552,0,0
"Ackerman Clearing","ackerman",1,"24 hour","2019-12-02 00:00:00",1177,0,0.025,0,0.108,-9.76,-15.83,-4.979,0,0
"Ackerman Clearing","ackerman",1,"24 hour","2019-12-03 00:00:00",1178,0,0.139,0,1.61,-4.695,-7.939,-1.562,0,0
"Ackerman Clearing","ackerman",1,"24 hour","2019-12-04 00:00:00",1179,0,0.135,0.124,0.149,-7.836,-11.77,-2.665,0.492,4.163
"Ackerman Clearing","ackerman",1,"24 hour","2019-12-05 00:00:00",1180,0,0.12,0.094,1.61,-3.09,-7.518,-1.427,0.539,4.338
"Ackerman Clearing","ackerman",1,"24 hour","2019-12-06 00:00:00",1181,0,0.142,0,1.61,-4.604,-7.835,-1.934,1.364,5.288
"Ackerman Clearing","ackerman",1,"24 hour","2019-12-07 00:00:00",1182,0,0.188,0,0.264,-7.376,-9.48,-4.954,0.901,3.213
"Ackerman Clearing","ackerman",1,"24 hour","2019-12-08 00:00:00",1183,0,0.214,0,0.246,-9.83,-13.4,-5.332,0.501,2.813
"Ackerman Clearing","ackerman",1,"24 hour","2019-12-09 00:00:00",1184,0,0.178,0,0.222,-9.09,-20.55,-2.311,3.008,7.837
"Ackerman Clearing","ackerman",1,"24 hour","2019-12-10 00:00:00",1185,0,0.153,0.091,0.185,1.309,-2.507,6.424,3.736,7.575
"Ackerman Clearing","ackerman",1,"24 hour","2019-12-11 00:00:00",1186,0,0.058,0.039,0.12,2.49,-5.881,8.38,2.158,6.9
"Ackerman Clearing","ackerman",1,"24 hour","2019-12-12 00:00:00",1187,0,0.049,0.025,0.067,-7.619,-10.81,-3.424,1.666,5.787
"Ackerman Clearing","ackerman",1,"24 hour","2019-12-13 00:00:00",1188,0,0.062,0.05,0.072,-8.66,-12.22,-4.449,2.077,6.625
"Ackerman Clearing","ackerman",1,"24 hour","2019-12-14 00:00:00",1189,0,0.061,0.035,0.068,-3.794,-8.93,1.123,3.674,6.087
"Ackerman Clearing","ackerman",1,"24 hour","2019-12-15 00:00:00",1190,0,0.032,0,0.065,3.366,-1.002,5.878,2.862,6.438
"Ackerman Clearing","ackerman",1,"24 hour","2019-12-16 00:00:00",1191,0,0.052,0.003,1.61,-4.123,-11.53,-0.963,0,0
"Ackerman Clearing","ackerman",1,"24 hour","2019-12-17 00:00:00",1192,0,0.055,0.048,0.063,-9.11,-12.66,-3.394,0.002,2.275
"Ackerman Clearing","ackerman",1,"24 hour","2019-12-18 00:00:00",1193,0,0.078,0,0.106,-7.446,-11.12,-4.965,0,0
"Ackerman Clearing","ackerman",1,"24 hour","2019-12-19 00:00:00",1194,0,0.112,0,0.176,-9.41,-19.7,-3.365,0,0
"Ackerman Clearing","ackerman",1,"24 hour","2019-12-20 00:00:00",1195,0,0.145,0.136,0.157,-20.3,-24.98,-14.31,0,0
"Ackerman Clearing","ackerman",1,"24 hour","2019-12-21 00:00:00",1196,0,0.13,0.124,0.138,-16.62,-22.53,-8.67,0,0
"Ackerman Clearing","ackerman",1,"24 hour","2019-12-22 00:00:00",1197,0,0.123,0.118,0.129,-11.31,-18.56,-3.483,0,0
"Ackerman Clearing","ackerman",1,"24 hour","2019-12-23 00:00:00",1198,0,0.115,0.104,0.123,-3.466,-12.88,4.425,0.525,3.438
"Ackerman Clearing","ackerman",1,"24 hour","2019-12-24 00:00:00",1199,0,0.097,0.078,0.115,3.129,-0.291,9.13,1.332,5.675
"Ackerman Clearing","ackerman",1,"24 hour","2019-12-25 00:00:00",1200,0,0.081,0.075,0.083,-3.003,-6.478,0.621,1.177,4.35
"Ackerman Clearing","ackerman",1,"24 hour","2019-12-26 00:00:00",1201,0,0.08,0.077,0.084,-2.677,-6.826,2.049,2.359,5.025
"Ackerman Clearing","ackerman",1,"24 hour","2019-12-27 00:00:00",1202,0,0.08,0.078,0.081,-0.844,-3.088,1.77,4.115,7.775
"Ackerman Clearing","ackerman",1,"24 hour","2019-12-28 00:00:00",1203,0,0.069,0.046,0.083,2.072,-0.778,5.982,2.538,7.175
"Ackerman Clearing","ackerman",1,"24 hour","2019-12-29 00:00:00",1204,0,0.058,0.044,0.064,-1.104,-2.244,0.269,1.08,3.738
"Ackerman Clearing","ackerman",1,"24 hour","2019-12-30 00:00:00",1205,0,0.06,0.057,0.062,-2.073,-5.563,0.822,2.022,5.15
"Ackerman Clearing","ackerman",1,"24 hour","2019-12-31 00:00:00",1206,0,0.072,0.055,0.113,-1.851,-3.424,-0.447,0.563,4.075
"Ackerman Clearing","ackerman",1,"24 hour","2020-01-01 00:00:00",1207,0,0.139,0.083,1.61,-2.257,-4.169,-0.253,0,0
"Ackerman Clearing","ackerman",1,"24 hour","2020-01-03 00:00:00",1208,0,0.177,0.163,0.201,0.518,-2.94,2.665,0,0
"Ackerman Clearing","ackerman",1,"24 hour","2020-01-06 00:00:00",1209,0,0.217,0,0.249,-8.21,-10.45,-6.488,0.155,2.013
"Ackerman Clearing","ackerman",1,"24 hour","2020-01-08 00:00:00",1210,0,0.282,0.274,0.29,-4.246,-5.483,-1.909,1.292,4.287
"Ackerman Clearing","ackerman",1,"24 hour","2020-01-09 00:00:00",1211,0,0.304,0,1.61,-6.926,-15,-2.036,1.57,5.05
"Ackerman Clearing","ackerman",1,"24 hour","2020-01-10 00:00:00",1212,0,0.314,0.301,0.331,-13.61,-21.41,-7.377,2.545,8.49
"Ackerman Clearing","ackerman",1,"24 hour","2020-01-11 00:00:00",1213,0,0.29,0.275,0.308,-3.287,-10.37,1.763,2.153,7.875
"Ackerman Clearing","ackerman",1,"24 hour","2020-01-12 00:00:00",1214,0,0.206,0.1,1.61,7.825,0.261,14.5,3.347,9.35
"Ackerman Clearing","ackerman",1,"24 hour","2020-01-13 00:00:00",1215,0,0.106,0,1.61,0.734,-7.751,12.4,2.585,7.738
"Ackerman Clearing","ackerman",1,"24 hour","2020-01-14 00:00:00",1216,0,0.072,0.069,0.083,-3.59,-7.275,-0.097,2.266,6.725
"Ackerman Clearing","ackerman",1,"24 hour","2020-01-15 00:00:00",1217,0,0.076,0.069,0.098,-1.386,-3.167,0.814,2.259,8.11
"Ackerman Clearing","ackerman",1,"24 hour","2020-01-16 00:00:00",1218,0,0.088,0,1.61,-1.019,-2.833,1.23,1.055,4.687
"Ackerman Clearing","ackerman",1,"24 hour","2020-01-17 00:00:00",1219,0,0.222,0,1.61,-5.436,-14.96,-1.875,1.637,4.5
"Ackerman Clearing","ackerman",1,"24 hour","2020-01-18 00:00:00",1220,0,0.243,0.215,0.28,-19,-22.54,-14.06,1.468,4.2
"Ackerman Clearing","ackerman",1,"24 hour","2020-01-19 00:00:00",1221,0,0.226,0,0.321,-15.67,-22.26,-9.98,3.463,9.49
"Ackerman Clearing","ackerman",1,"24 hour","2020-01-20 00:00:00",1222,0,0.328,0.308,0.347,-8.94,-14.75,-2.956,1.598,6.112
"Ackerman Clearing","ackerman",1,"24 hour","2020-01-21 00:00:00",1223,0,0.32,0.307,0.341,-14.8,-18.37,-8.42,1.348,3.837
"Ackerman Clearing","ackerman",1,"24 hour","2020-01-22 00:00:00",1224,0,0.3,0.292,0.309,-13.23,-20.96,-6.297,0.436,2.963
"Ackerman Clearing","ackerman",1,"24 hour","2020-01-23 00:00:00",1225,0,0.285,0.268,0.307,-4.867,-8.83,-0.244,0.562,3.175
"Ackerman Clearing","ackerman",1,"24 hour","2020-01-24 00:00:00",1226,0,0.273,0.267,0.279,-3.123,-11,5.368,0.199,1.988
"Ackerman Clearing","ackerman",1,"24 hour","2020-01-25 00:00:00",1227,0,0.254,0.234,0.273,-0.563,-7.403,5.891,3.049,7.025
"Ackerman Clearing","ackerman",1,"24 hour","2020-01-26 00:00:00",1228,0,0.255,0.228,0.35,-0.604,-2.453,0.62,4.083,8.33
"Ackerman Clearing","ackerman",1,"24 hour","2020-01-27 00:00:00",1229,0,0.337,0.294,1.61,-0.729,-1.45,0.996,0.626,4.3
"Ackerman Clearing","ackerman",1,"24 hour","2020-01-28 00:00:00",1230,0,0.335,0.288,0.357,-1.921,-3.771,-0.146,0.886,2.563
"Ackerman Clearing","ackerman",1,"24 hour","2020-01-29 00:00:00",1231,0,0.343,0.332,0.348,-5.001,-8.11,-2.438,1.052,3.462
"Ackerman Clearing","ackerman",1,"24 hour","2020-01-30 00:00:00",1232,0,0.34,0.332,0.349,-8.97,-14.79,-3.388,1.162,3.15
"Ackerman Clearing","ackerman",1,"24 hour","2020-01-31 00:00:00",1233,0,0.332,0.319,0.338,-10.06,-19.67,-1.421,1.06,3.837
"Ackerman Clearing","ackerman",1,"24 hour","2020-02-01 00:00:00",1234,0,0.331,0.323,0.335,-6.57,-13.73,0.045,0.803,3.15
"Ackerman Clearing","ackerman",1,"24 hour","2020-02-02 00:00:00",1235,0,0.327,0.321,0.333,-3.976,-5.77,-1.303,0.327,2.1
"Ackerman Clearing","ackerman",1,"24 hour","2020-02-03 00:00:00",1236,0,0.331,0.313,0.356,-4.908,-7.668,-2.664,0.235,1.875
"Ackerman Clearing","ackerman",1,"24 hour","2020-02-04 00:00:00",1237,0,0.338,0.325,0.352,-2.171,-3.707,-0.253,0.863,4.638
"Ackerman Clearing","ackerman",1,"24 hour","2020-02-05 00:00:00",1238,0,0.333,0.324,0.341,-1.695,-5.626,2.173,1.546,5.062
"Ackerman Clearing","ackerman",1,"24 hour","2020-02-06 00:00:00",1239,0,0.332,0.323,0.336,-6.158,-9.14,-1.944,1.264,4.987
"Ackerman Clearing","ackerman",1,"24 hour","2020-02-07 00:00:00",1240,0,0.403,0,0.438,-4.422,-8.25,-1.088,3.164,7.125
"Ackerman Clearing","ackerman",1,"24 hour","2020-02-08 00:00:00",1241,0,0.542,0,1.61,-6.232,-13.73,-0.554,0,0
"Ackerman Clearing","ackerman",1,"24 hour","2020-02-09 00:00:00",1242,0,0.638,0.621,0.659,-15.84,-20.66,-8.36,0,0
"Ackerman Clearing","ackerman",1,"24 hour","2020-02-10 00:00:00",1243,0,0.612,0.6,0.624,-13.64,-25.32,-5.594,0,0
"Ackerman Clearing","ackerman",1,"24 hour","2020-02-11 00:00:00",1244,0,0.641,0,1.61,-2.104,-5.766,0.726,0,0
"Ackerman Clearing","ackerman",1,"24 hour","2020-02-12 00:00:00",1245,0,0.619,0.602,0.626,-3.138,-5.286,-0.186,0,0
"Ackerman Clearing","ackerman",1,"24 hour","2020-02-13 00:00:00",1246,0,0.612,0.595,0.641,-3.526,-5.585,0.914,0,0
"Ackerman Clearing","ackerman",1,"24 hour","2020-02-14 00:00:00",1247,0,0.608,0.591,0.625,-4.452,-14.18,-1.293,0,0
"Ackerman Clearing","ackerman",1,"24 hour","2020-02-15 00:00:00",1248,0,0.609,0.583,0.639,-18.76,-23.33,-13.13,0,0
"Ackerman Clearing","ackerman",1,"24 hour","2020-02-16 00:00:00",1249,0,0.601,0.593,0.62,-15.01,-25.35,-6.118,1.619,7.525
"Ackerman Clearing","ackerman",1,"24 hour","2020-02-17 00:00:00",1250,0,0.59,0.562,0.601,-3.938,-9.49,-1.255,1.098,4.5
"Ackerman Clearing","ackerman",1,"24 hour","2020-02-18 00:00:00",1251,0,0.585,0.556,0.607,-7.196,-12.71,-2.134,1.051,3.35
"Ackerman Clearing","ackerman",1,"24 hour","2020-02-19 00:00:00",1252,0,0.629,0,1.61,-5.543,-13.9,0.959,4.363,10.96
"Ackerman Clearing","ackerman",1,"24 hour","2020-02-20 00:00:00",1253,0,0.634,0.626,0.643,-5.856,-15.2,-1.333,2.465,7.437
"Ackerman Clearing","ackerman",1,"24 hour","2020-02-21 00:00:00",1254,0,0.625,0.618,0.638,-13.36,-17.76,-7.133,1.013,4.813
"Ackerman Clearing","ackerman",1,"24 hour","2020-02-22 00:00:00",1255,0,0.619,0.613,0.625,-10.49,-19.17,-2.945,1.295,5.013
"Ackerman Clearing","ackerman",1,"24 hour","2020-02-23 00:00:00",1256,0,0.616,0.612,0.621,-4.754,-9.07,-2.277,1.493,4.8
"Ackerman Clearing","ackerman",1,"24 hour","2020-02-24 00:00:00",1257,0,0.598,0.576,0.617,0.151,-4.942,7.226,1.344,4.338
"Ackerman Clearing","ackerman",1,"24 hour","2020-02-25 00:00:00",1258,0,0.55,0.511,0.582,3.823,-4.234,11.29,1.084,4.738
"Ackerman Clearing","ackerman",1,"24 hour","2020-02-26 00:00:00",1259,0,0.513,0.49,1.499,2.236,0.475,4.509,0.748,2.712
"Ackerman Clearing","ackerman",1,"24 hour","2020-02-27 00:00:00",1260,0,0.486,0.48,0.492,0.203,-0.496,0.793,2.818,7.712
"Ackerman Clearing","ackerman",1,"24 hour","2020-02-28 00:00:00",1261,0,0.563,0.469,1.61,-3.882,-9.74,1.275,1.31,9.87
"Ackerman Clearing","ackerman",1,"24 hour","2020-02-29 00:00:00",1262,0,0.628,0,0.66,-8.58,-9.88,-4.697,0,0
"Ackerman Clearing","ackerman",1,"24 hour","2020-03-01 00:00:00",1263,0,0.581,0,1.61,-11.74,-14.07,-8.25,0.412,2.712
"Ackerman Clearing","ackerman",1,"24 hour","2020-03-02 00:00:00",1264,0,0.582,0.546,0.634,-9.97,-15.98,-2.783,0.727,3.288
"Ackerman Clearing","ackerman",1,"24 hour","2020-03-03 00:00:00",1265,0,0.569,0.555,0.581,-2.147,-10.43,4.412,3.03,7.35
"Ackerman Clearing","ackerman",1,"24 hour","2020-03-04 00:00:00",1266,0,0.54,0.504,0.565,4.329,0.812,7.89,2.092,7.287
"Ackerman Clearing","ackerman",1,"24 hour","2020-03-05 00:00:00",1267,0,0.537,0.473,1.61,-0.741,-2.738,0.851,2.28,5.625
"Ackerman Clearing","ackerman",1,"24 hour","2020-03-06 00:00:00",1268,0,0.533,0,1.61,-1.383,-3.493,3.838,1.112,4.175
"Ackerman Clearing","ackerman",1,"24 hour","2020-03-07 00:00:00",1269,0,0.513,0.493,1.5,-0.897,-5.055,4.932,2.457,5.812
"Ackerman Clearing","ackerman",1,"24 hour","2020-03-08 00:00:00",1270,0,0.49,0.482,0.499,-5.545,-10.85,1.106,1.563,4.15
"Ackerman Clearing","ackerman",1,"24 hour","2020-03-09 00:00:00",1271,0,0.466,0.442,0.488,1.123,-7.903,8.22,1.101,3.988
"Ackerman Clearing","ackerman",1,"24 hour","2020-03-10 00:00:00",1272,0,0.411,0.357,0.451,9.98,6.041,15.58,1.631,5.437
"Ackerman Clearing","ackerman",1,"24 hour","2020-03-11 00:00:00",1273,0,0.334,0.295,0.373,6.69,-2.115,10.44,1.811,6.763
"Ackerman Clearing","ackerman",1,"24 hour","2020-03-12 00:00:00",1274,0,0.305,0.302,0.309,-3.312,-6.806,-0.282,1.446,3.538
"Ackerman Clearing","ackerman",1,"24 hour","2020-03-13 00:00:00",1275,0,0.293,0.271,0.304,1.087,-4.104,6.8,3.742,8.72
"Ackerman Clearing","ackerman",1,"24 hour","2020-03-14 00:00:00",1276,0,0.266,0.258,0.283,1.79,-0.826,5.836,5.032,10.74
"Ackerman Clearing","ackerman",1,"24 hour","2020-03-15 00:00:00",1277,0,0.251,0.239,0.259,-0.301,-2.218,3.903,2.061,6.375
"Ackerman Clearing","ackerman",1,"24 hour","2020-03-16 00:00:00",1278,0,0.235,0.228,0.244,-4.6,-10.31,0.215,1.216,4.525
"Ackerman Clearing","ackerman",1,"24 hour","2020-03-17 00:00:00",1279,0,0.223,0.2,0.233,-4.39,-12.87,2.478,3.175,8.6
"Ackerman Clearing","ackerman",1,"24 hour","2020-03-18 00:00:00",1280,0,0.219,0.202,0.24,-0.52,-3.049,2.556,2.855,6.988
"Ackerman Clearing","ackerman",1,"24 hour","2020-03-19 00:00:00",1281,0,0.202,0.18,0.224,0.363,-6.756,6.935,1.545,5.663
"Ackerman Clearing","ackerman",1,"24 hour","2020-03-20 00:00:00",1282,0,0.174,0.157,0.185,2.26,-0.389,4.461,3.679,7.188
"Ackerman Clearing","ackerman",1,"24 hour","2020-03-21 00:00:00",1283,0,0.11,0.05,0.163,5.69,-2.284,15.52,3.524,9.23
"Ackerman Clearing","ackerman",1,"24 hour","2020-03-22 00:00:00",1284,0,0.053,0.044,0.072,-5.47,-10.96,-0.729,1.638,4.45
"Ackerman Clearing","ackerman",1,"24 hour","2020-03-23 00:00:00",1285,0,0.045,0.028,0.059,-6.083,-12.61,0.932,2.138,6.375
"Ackerman Clearing","ackerman",1,"24 hour","2020-03-24 00:00:00",1286,0,0.098,0,1.61,-4.16,-5.974,-3.315,4.903,9.9
"Ackerman Clearing","ackerman",1,"24 hour","2020-03-25 00:00:00",1287,0,0.18,0.147,1.61,-1.925,-4.673,0.454,0.537,2.963
"Ackerman Clearing","ackerman",1,"24 hour","2020-03-26 00:00:00",1288,0,0.137,0.112,0.16,-1.056,-7.092,4.07,3.229,7.325
"Ackerman Clearing","ackerman",1,"24 hour","2020-03-27 00:00:00",1289,0,0.081,0.023,0.117,3.92,-4.593,12.24,2.315,6.687
"Ackerman Clearing","ackerman",1,"24 hour","2020-03-28 00:00:00",1290,0.254,0.036,0,1.61,1.912,-1.474,8.64,1.248,3.638
"Ackerman Clearing","ackerman",1,"24 hour","2020-03-29 00:00:00",1291,0,0.026,0.007,0.04,1.742,-5.867,7.056,2.734,6.763
"Ackerman Clearing","ackerman",1,"24 hour","2020-03-30 00:00:00",1292,19.56,0.009,0.007,0.013,3.564,1.731,4.765,5.727,11.66
"Ackerman Clearing","ackerman",1,"24 hour","2020-03-31 00:00:00",1293,9.14,0.01,0.005,0.013,2.846,1.229,4.726,2.383,5.8
"Ackerman Clearing","ackerman",1,"24 hour","2020-04-01 00:00:00",1294,1.016,0.009,0.006,0.019,1.664,-2.174,6.863,0.975,3.575
"Ackerman Clearing","ackerman",1,"24 hour","2020-04-02 00:00:00",1295,0,0.009,0.002,0.024,1.254,-4.819,9.1,0.876,4.1
"Ackerman Clearing","ackerman",1,"24 hour","2020-04-03 00:00:00",1296,2.286,0.01,0.006,0.023,1.401,-1.27,8.08,1.644,4.8
"Ackerman Clearing","ackerman",1,"24 hour","2020-04-04 00:00:00",1297,3.81,0.01,0.008,0.016,3.789,-0.097,8.15,0.946,2.913
"Ackerman Clearing","ackerman",1,"24 hour","2020-04-05 00:00:00",1298,0,0.01,0.004,0.017,6.874,2.659,11.14,0.476,2.55
"Ackerman Clearing","ackerman",1,"24 hour","2020-04-06 00:00:00",1299,0.254,0.01,0.007,0.013,5.982,0.841,8.42,0.535,2.875
"Ackerman Clearing","ackerman",1,"24 hour","2020-04-07 00:00:00",1300,0,0.009,0.001,0.027,4.09,-2.635,11.79,1.188,4.65
"Ackerman Clearing","ackerman",1,"24 hour","2020-04-08 00:00:00",1301,0,0.009,0.001,0.026,5.505,-0.957,12.59,0.789,5.388
"Ackerman Clearing","ackerman",1,"24 hour","2020-04-09 00:00:00",1302,0,0.009,0.002,0.022,5.833,2.07,12.06,0.842,3.25
"Ackerman Clearing","ackerman",1,"24 hour","2020-04-10 00:00:00",1303,8.89,0.009,0.005,0.015,2.069,-1.113,5.582,2.274,6.788
"Ackerman Clearing","ackerman",1,"24 hour","2020-04-11 00:00:00",1304,3.048,0.011,0.004,0.023,-0.623,-2.139,2.756,2.086,4.962
"Ackerman Clearing","ackerman",1,"24 hour","2020-04-12 00:00:00",1305,0.254,0.009,0.002,0.024,-0.55,-4.065,5.268,1.974,6.238
"Ackerman Clearing","ackerman",1,"24 hour","2020-04-13 00:00:00",1306,0,0.009,0.003,0.021,4.673,-3.548,10.17,2.88,6.288
"Ackerman Clearing","ackerman",1,"24 hour","2020-04-14 00:00:00",1307,21.84,0.011,0.006,0.017,8.58,1.103,14.13,5.226,11.08
"Ackerman Clearing","ackerman",1,"24 hour","2020-04-15 00:00:00",1308,0,0.009,0.004,0.02,0.877,-1.582,5.423,1.727,7.025
"Ackerman Clearing","ackerman",1,"24 hour","2020-04-16 00:00:00",1309,0.508,0.012,0.003,0.025,-1.578,-4.514,3.079,1.596,5.175
"Ackerman Clearing","ackerman",1,"24 hour","2020-04-17 00:00:00",1310,0.508,0.011,0.005,0.025,-2.655,-5.2,1.967,1.52,6.1
"Ackerman Clearing","ackerman",1,"24 hour","2020-04-18 00:00:00",1311,0,0.009,0.004,0.026,-1.03,-5.167,3.857,1.496,5.85
"Ackerman Clearing","ackerman",1,"24 hour","2020-04-19 00:00:00",1312,0,0.009,0.003,0.028,1.235,-2.736,7.554,0.997,3.863
"Ackerman Clearing","ackerman",1,"24 hour","2020-04-20 00:00:00",1313,1.016,0.009,0,0.02,4.059,-1.064,12.22,1.654,5.85
"Ackerman Clearing","ackerman",1,"24 hour","2020-04-21 00:00:00",1314,0,0.009,0.002,0.027,1.471,-5.464,9.53,1.152,4.025
"Ackerman Clearing","ackerman",1,"24 hour","2020-04-22 00:00:00",1315,1.524,0.009,0.005,0.021,-0.475,-4.824,5.575,3.063,8.02
"Ackerman Clearing","ackerman",1,"24 hour","2020-04-23 00:00:00",1316,0.762,0.017,0.004,0.039,-3.904,-7.554,0.377,2.537,7.4
"Ackerman Clearing","ackerman",1,"24 hour","2020-04-24 00:00:00",1317,0.254,0.009,0,0.027,0.401,-8.44,8.96,1.146,4.413
"Ackerman Clearing","ackerman",1,"24 hour","2020-04-25 00:00:00",1318,0,0.01,0.004,0.022,5.922,0.29,13.67,1.79,5.263
"Ackerman Clearing","ackerman",1,"24 hour","2020-04-26 00:00:00",1319,0,0.009,0.001,0.023,8.45,2.456,16.1,0.965,3.488
"Ackerman Clearing","ackerman",1,"24 hour","2020-04-27 00:00:00",1320,7.874,0.01,0.004,0.018,5.109,1.848,10.66,1.493,6.525
"Ackerman Clearing","ackerman",1,"24 hour","2020-04-28 00:00:00",1321,2.032,0.01,0.008,0.014,1.344,-0.437,3.06,1.004,3.562
"Ackerman Clearing","ackerman",1,"24 hour","2020-04-29 00:00:00",1322,0.254,0.01,0.003,0.025,4.848,-1.177,12.86,0.94,4.225
"Ackerman Clearing","ackerman",1,"24 hour","2020-04-30 00:00:00",1323,0,0.01,0.005,0.022,7.768,-0.636,13.42,5.389,11.58
"Ackerman Clearing","ackerman",1,"24 hour","2020-05-01 00:00:00",1324,4.064,0.01,0.009,0.013,6.963,4.813,9.5,7.403,13.1
"Ackerman Clearing","ackerman",1,"24 hour","2020-05-02 00:00:00",1325,6.096,0.011,0.005,0.021,9.34,2.041,15.48,1.987,11.19
"Ackerman Clearing","ackerman",1,"24 hour","2020-05-03 00:00:00",1326,0,0.01,0.002,0.025,9.48,0.184,18.71,1.166,4.325
"Ackerman Clearing","ackerman",1,"24 hour","2020-05-04 00:00:00",1327,0.508,0.01,0.004,0.023,13.32,6.425,21.22,2.368,8.93
"Ackerman Clearing","ackerman",1,"24 hour","2020-05-05 00:00:00",1328,0,0.01,0.005,0.016,3.691,-0.525,6.905,1.281,3.988
"Ackerman Clearing","ackerman",1,"24 hour","2020-05-06 00:00:00",1329,0,0.01,0.002,0.028,2.792,-2.587,10.32,1.401,4.85
"Ackerman Clearing","ackerman",1,"24 hour","2020-05-07 00:00:00",1330,0,0.009,0.003,0.022,5.15,-2.429,12.26,0.683,3.988
"Ackerman Clearing","ackerman",1,"24 hour","2020-05-08 00:00:00",1331,1.778,0.01,0.003,0.027,5.494,-0.695,14.86,1.346,6.663
"Ackerman Clearing","ackerman",1,"24 hour","2020-05-09 00:00:00",1332,1.016,0.014,0.005,0.072,1.193,-3.122,6.954,1.5,6.563
"Ackerman Clearing","ackerman",1,"24 hour","2020-05-10 00:00:00",1333,6.35,0.039,0.005,1.61,-2.865,-6.101,0.978,1.876,5.15
"Ackerman Clearing","ackerman",1,"24 hour","2020-05-11 00:00:00",1334,0.762,0.01,0.005,0.021,1.44,-2.409,8.03,1.876,6.075
"Ackerman Clearing","ackerman",1,"24 hour","2020-05-12 00:00:00",1335,2.794,0.011,0.006,0.019,2.45,-0.298,8.88,0.931,4.338
"Ackerman Clearing","ackerman",1,"24 hour","2020-05-13 00:00:00",1336,0.762,0.011,0.005,0.024,0.74,-2.862,6.69,1.056,5.037
"Ackerman Clearing","ackerman",1,"24 hour","2020-05-14 00:00:00",1337,1.27,0.01,0.003,0.026,3.249,-4.489,11.28,1.265,4.775
"Ackerman Clearing","ackerman",1,"24 hour","2020-05-15 00:00:00",1338,0,0.009,0.002,0.027,9.89,0.16,19.52,1.135,5.4
"Ackerman Clearing","ackerman",1,"24 hour","2020-05-16 00:00:00",1339,27.18,0.012,0.008,0.016,11.9,8.59,18.07,1.346,4.625
"Ackerman Clearing","ackerman",1,"24 hour","2020-05-17 00:00:00",1340,0.508,0.011,0.007,0.022,8.85,5.846,13.81,0.711,3.013
"Ackerman Clearing","ackerman",1,"24 hour","2020-05-18 00:00:00",1341,0.762,0.011,0.006,0.021,12.32,5.524,19.57,1.413,6.05
"Ackerman Clearing","ackerman",1,"24 hour","2020-05-19 00:00:00",1342,3.302,0.011,0.004,0.022,11.78,7.013,19.07,1.296,5.475
"Ackerman Clearing","ackerman",1,"24 hour","2020-05-20 00:00:00",1343,0,0.009,0.003,0.025,12.44,4.199,19.84,2.26,6.75
"Ackerman Clearing","ackerman",1,"24 hour","2020-05-21 00:00:00",1344,0,0.009,0.002,0.025,14.04,3.654,22.33,1.852,6.362
"Ackerman Clearing","ackerman",1,"24 hour","2020-05-22 00:00:00",1345,0,0.008,0,0.024,16.52,5.027,26.09,0.877,4.5
"Ackerman Clearing","ackerman",1,"24 hour","2020-05-23 00:00:00",1346,0,0.009,0.001,0.02,18.91,10.85,27.76,0.989,3.925
"Ackerman Clearing","ackerman",1,"24 hour","2020-05-24 00:00:00",1347,0,0.009,0.004,0.022,19.16,11.59,28.39,1.955,5.8
"Ackerman Clearing","ackerman",1,"24 hour","2020-05-25 00:00:00",1348,0,0.009,0.003,0.021,16.87,9.13,25.29,3.348,5.725
"Ackerman Clearing","ackerman",1,"24 hour","2020-05-26 00:00:00",1349,0.254,0.011,0,0.023,17.02,10.97,24.43,2.401,6.988
"Ackerman Clearing","ackerman",1,"24 hour","2020-05-27 00:00:00",1350,0,0.011,0.005,0.022,22.11,12.9,32.53,1.356,5.775
"Ackerman Clearing","ackerman",1,"24 hour","2020-05-28 00:00:00",1351,0,0.012,0.005,0.024,23.51,14.99,32.07,2.018,5.688
"Ackerman Clearing","ackerman",1,"24 hour","2020-05-29 00:00:00",1352,0,0.013,0,0.026,20.19,17.23,25.51,2.688,6.938
"Ackerman Clearing","ackerman",1,"24 hour","2020-05-30 00:00:00",1353,8.38,0.013,0,0.032,19.78,15.53,26.35,1.549,5.8
"Ackerman Clearing","ackerman",1,"24 hour","2020-05-31 00:00:00",1354,6.858,0.013,0,0.029,12.77,5.867,19.88,1.276,4.638
"Ackerman Clearing","ackerman",1,"24 hour","2020-06-01 00:00:00",1355,2.032,0.014,0,0.059,4.977,0.968,9.54,1.094,4.15
"Ackerman Clearing","ackerman",1,"24 hour","2020-06-02 00:00:00",1356,0.762,0.014,0,0.032,6.471,-0.156,13.99,0.482,3.6
"Ackerman Clearing","ackerman",1,"24 hour","2020-06-03 00:00:00",1357,1.27,0.014,0,0.028,10.07,3.888,17.31,0.598,4.3
"Ackerman Clearing","ackerman",1,"24 hour","2020-06-04 00:00:00",1358,0.254,0.021,0,0.038,13.24,9.65,18.21,0.511,3.1
"Ackerman Clearing","ackerman",1,"24 hour","2020-06-05 00:00:00",1359,0.508,0.02,0,0.043,18.52,11.95,25.55,0.934,5.412
"Ackerman Clearing","ackerman",1,"24 hour","2020-06-06 00:00:00",1360,0,0.02,0,0.154,20.52,13.85,28.32,0.625,3.688
"Ackerman Clearing","ackerman",1,"24 hour","2020-06-07 00:00:00",1361,9.91,0.021,0,0.105,15.82,9.83,23.87,0.844,5.1
"Ackerman Clearing","ackerman",1,"24 hour","2020-06-08 00:00:00",1362,0,0.021,0,0.093,11.75,7.683,17.04,0.841,3.05
"Ackerman Clearing","ackerman",1,"24 hour","2020-06-09 00:00:00",1363,0,0.018,0,0.195,12.98,5.407,21,0.821,3.875
"Ackerman Clearing","ackerman",1,"24 hour","2020-06-10 00:00:00",1364,0,0.018,0,0.045,15.79,11.47,24,0.655,3.85
"Ackerman Clearing","ackerman",1,"24 hour","2020-06-11 00:00:00",1365,0,0.019,0,0.05,17.77,11.48,24.05,4.225,9.15
"Ackerman Clearing","ackerman",1,"24 hour","2020-06-12 00:00:00",1366,21.34,0.04,0,1.61,18.24,12.28,23,1.992,6.737
"Ackerman Clearing","ackerman",1,"24 hour","2020-06-13 00:00:00",1367,0,0.042,0,0.202,13.61,6.375,19.95,1.32,6.025
"Ackerman Clearing","ackerman",1,"24 hour","2020-06-14 00:00:00",1368,0,0.046,0,1.61,6.346,2.669,10.95,0.794,3.438
"Ackerman Clearing","ackerman",1,"24 hour","2020-06-15 00:00:00",1369,0,0.038,0,0.154,9.29,4.117,13.79,0.445,2.688
"Ackerman Clearing","ackerman",1,"24 hour","2020-06-16 00:00:00",1370,0,0.024,0,1.61,13.08,5.456,21.73,0.526,2.663
"Ackerman Clearing","ackerman",1,"24 hour","2020-06-17 00:00:00",1371,0,0.027,0,1.61,16.23,5.494,25.51,1.057,4.375
"Ackerman Clearing","ackerman",1,"24 hour","2020-06-18 00:00:00",1372,0,0.222,0,1.61,19.32,9.21,29.01,0.858,4.275
"Ackerman Clearing","ackerman",1,"24 hour","2020-06-19 00:00:00",1373,0,0.296,0,0.404,21.18,10.95,30.87,0.991,4.138
"Ackerman Clearing","ackerman",1,"24 hour","2020-06-20 00:00:00",1374,0,0.257,0,0.34,21.65,14.03,29.28,0.649,4.487
"Ackerman Clearing","ackerman",1,"24 hour","2020-06-21 00:00:00",1375,0,0.246,0,0.328,21.76,16.5,29.88,0.684,4.513
"Ackerman Clearing","ackerman",1,"24 hour","2020-06-22 00:00:00",1376,0.508,0.249,0,0.315,21.61,14.79,29.28,0.61,3.663
"Ackerman Clearing","ackerman",1,"24 hour","2020-06-23 00:00:00",1377,33.78,0.201,0,1.61,19.93,15.22,30.32,0.537,4.3
"Ackerman Clearing","ackerman",1,"24 hour","2020-06-24 00:00:00",1378,0.254,0.149,0,1.61,21.38,15.91,28.6,2.134,7.9
"Ackerman Clearing","ackerman",1,"24 hour","2020-06-25 00:00:00",1379,9.14,0.122,0,1.61,16.84,11.88,21.77,1.195,4.925
"Ackerman Clearing","ackerman",1,"24 hour","2020-06-26 00:00:00",1380,0,0.181,0,1.61,16.57,11.27,22.55,1.116,5.075
"Ackerman Clearing","ackerman",1,"24 hour","2020-06-27 00:00:00",1381,0,0.143,0,1.61,17.96,11.46,24.71,0.892,5.1
"Ackerman Clearing","ackerman",1,"24 hour","2020-06-28 00:00:00",1382,5.588,0.136,0,1.61,16.51,10.78,22.88,1.612,5.437
"Ackerman Clearing","ackerman",1,"24 hour","2020-06-29 00:00:00",1383,4.826,0.1,0,1.61,17.99,15.76,23.9,0.349,2.75
"Ackerman Clearing","ackerman",1,"24 hour","2020-06-30 00:00:00",1384,0.508,0.117,0,1.61,17.56,15.02,23.57,0.57,2.963
"Ackerman Clearing","ackerman",1,"24 hour","2020-07-01 00:00:00",1385,19.81,0.143,0,1.61,17.43,15.3,22.51,0.408,2.113
"Ackerman Clearing","ackerman",1,"24 hour","2020-07-02 00:00:00",1386,6.858,0.219,0,1.61,17.74,14.93,23.83,0.304,3.675
"Ackerman Clearing","ackerman",1,"24 hour","2020-07-03 00:00:00",1387,0.762,0.142,0,1.61,20.16,14.06,28.87,0.464,3.138
"Ackerman Clearing","ackerman",1,"24 hour","2020-07-04 00:00:00",1388,0,0.055,0,1.61,20.66,14.91,27.59,0.46,3.413
"Ackerman Clearing","ackerman",1,"24 hour","2020-07-05 00:00:00",1389,0,0.099,0,1.61,19.89,13.61,27.71,0.516,3.013
"Ackerman Clearing","ackerman",1,"24 hour","2020-07-06 00:00:00",1390,0.254,0.163,0,0.259,19.45,12.37,27.63,0.704,4.388
"Ackerman Clearing","ackerman",1,"24 hour","2020-07-07 00:00:00",1391,0,0.149,0,1.61,19.8,13.1,28.19,1.191,4.125
"Ackerman Clearing","ackerman",1,"24 hour","2020-07-08 00:00:00",1392,0,0.13,0,1.61,20.26,11.8,28.36,2.562,6.013
"Ackerman Clearing","ackerman",1,"24 hour","2020-07-09 00:00:00",1393,0,0.104,0,1.61,22.83,17.86,29.82,0.835,3.675
"Ackerman Clearing","ackerman",1,"24 hour","2020-07-10 00:00:00",1394,0,0.133,0,1.61,24.2,17.82,32.15,0.746,4.237
"Ackerman Clearing","ackerman",1,"24 hour","2020-07-11 00:00:00",1395,0,0.11,0,1.61,23.1,18.43,28.71,2.353,6.563
"Ackerman Clearing","ackerman",1,"24 hour","2020-07-12 00:00:00",1396,22.1,0.245,0,1.61,21.26,18.41,27.87,1.928,8.69
"Ackerman Clearing","ackerman",1,"24 hour","2020-07-13 00:00:00",1397,9.91,0.3,0,1.61,19.45,17.08,25.49,0.797,4.7
"Ackerman Clearing","ackerman",1,"24 hour","2020-07-14 00:00:00",1398,0.508,0.362,0,0.405,17.66,14.72,23.59,0.366,3.05
"Ackerman Clearing","ackerman",1,"24 hour","2020-07-15 00:00:00",1399,7.874,0.319,0,1.61,17.67,14.75,23.14,0.386,4.075
"Ackerman Clearing","ackerman",1,"24 hour","2020-07-16 00:00:00",1400,0.254,0.101,0,1.61,19.21,12.99,27.01,1.08,4.325
"Ackerman Clearing","ackerman",1,"24 hour","2020-07-17 00:00:00",1401,1.778,0.139,0,1.61,17.37,15.74,19.85,3.165,6.388
"Ackerman Clearing","ackerman",1,"24 hour","2020-07-18 00:00:00",1402,3.556,0.196,0,0.525,18.53,15.36,24.97,1.534,5.737
"Ackerman Clearing","ackerman",1,"24 hour","2020-07-19 00:00:00",1403,0,0.117,0,1.61,21.19,13.98,28.69,0.638,4.525
"Ackerman Clearing","ackerman",1,"24 hour","2020-07-20 00:00:00",1404,0.508,0.17,0,1.61,22.56,14.75,30.7,1.216,5.362
"Ackerman Clearing","ackerman",1,"24 hour","2020-07-21 00:00:00",1405,0,0.184,0,1.61,22.3,18.36,26.96,1.357,4.263
"Ackerman Clearing","ackerman",1,"24 hour","2020-07-22 00:00:00",1406,0,0.188,0,1.61,19.32,14.92,25.64,0.484,3.25
"Ackerman Clearing","ackerman",1,"24 hour","2020-07-23 00:00:00",1407,1.016,0.19,0,1.61,18.06,14.25,22.18,1.671,3.988
"Ackerman Clearing","ackerman",1,"24 hour","2020-07-24 00:00:00",1408,2.286,0.346,0,1.61,20.36,15.9,27.98,0.521,3.163
"Ackerman Clearing","ackerman",1,"24 hour","2020-07-25 00:00:00",1409,0,0.328,0,1.61,19.89,14.3,27.68,0.506,2.725
"Ackerman Clearing","ackerman",1,"24 hour","2020-07-26 00:00:00",1410,0,0.335,0,0.57,20.13,13.31,27.81,0.491,3.238
"Ackerman Clearing","ackerman",1,"24 hour","2020-07-27 00:00:00",1411,0,0.323,0,1.61,21.95,16.64,27.69,1.314,4.5
"Ackerman Clearing","ackerman",1,"24 hour","2020-07-28 00:00:00",1412,0,0.351,0,1.61,24.2,20.24,29.15,1.306,5.587
"Ackerman Clearing","ackerman",1,"24 hour","2020-07-29 00:00:00",1413,0,0.395,0,1.61,22.29,17.27,27.69,0.99,5.175
"Ackerman Clearing","ackerman",1,"24 hour","2020-07-30 00:00:00",1414,0,0.426,0,1.61,20.07,14.97,26.03,1.003,5.863
"Ackerman Clearing","ackerman",1,"24 hour","2020-07-31 00:00:00",1415,0,0.468,0,1.61,19.59,15.05,26.64,0.677,4.575
"Ackerman Clearing","ackerman",1,"24 hour","2020-08-01 00:00:00",1416,0,0.48,0,0.556,19.2,12.63,27.4,0.654,3.15
"Ackerman Clearing","ackerman",1,"24 hour","2020-08-02 00:00:00",1417,0,0.506,0,0.547,20.58,12.68,28.84,0.509,2.4
"Ackerman Clearing","ackerman",1,"24 hour","2020-08-03 00:00:00",1418,29.21,0.417,0,1.496,19.56,16.15,24.56,2.79,7.662
"Ackerman Clearing","ackerman",1,"24 hour","2020-08-04 00:00:00",1419,0,0.488,0,1.496,19.1,15.66,24.19,1.468,6.225
"Ackerman Clearing","ackerman",1,"24 hour","2020-08-05 00:00:00",1420,36.07,0.328,0,1.61,16.67,15.09,18.24,1.737,5.2
"Ackerman Clearing","ackerman",1,"24 hour","2020-08-06 00:00:00",1421,1.524,0.425,0,1.497,17.03,13.45,21.6,1.234,4.65
"Ackerman Clearing","ackerman",1,"24 hour","2020-08-07 00:00:00",1422,0,0.484,0.066,1.497,16.13,10.76,22.94,0.657,2.775
"Ackerman Clearing","ackerman",1,"24 hour","2020-08-08 00:00:00",1423,0,0.47,0,1.496,16.4,9.35,24.85,0.672,3.763
"Ackerman Clearing","ackerman",1,"24 hour","2020-08-09 00:00:00",1424,0,0.436,0,1.495,19.62,12.72,26.88,0.415,2.712
"Ackerman Clearing","ackerman",1,"24 hour","2020-08-10 00:00:00",1425,1.016,0.391,0,1.21,19.13,14.35,25.83,0.615,4
"Ackerman Clearing","ackerman",1,"24 hour","2020-08-11 00:00:00",1426,3.302,0.313,0,1.209,21.33,17.73,28.21,0.515,2.663
"Ackerman Clearing","ackerman",1,"24 hour","2020-08-12 00:00:00",1427,1.27,0.313,0,1.61,21.82,16.09,30.11,1.744,6.225
"Ackerman Clearing","ackerman",1,"24 hour","2020-08-13 00:00:00",1428,0,0.36,0,1.61,20.56,15.05,26.9,0.536,3.438
"Ackerman Clearing","ackerman",1,"24 hour","2020-08-14 00:00:00",1429,0,0.399,0,1.161,19.45,13.12,27.67,0.32,2.525
"Ackerman Clearing","ackerman",1,"24 hour","2020-08-15 00:00:00",1430,0,0.401,0,1.215,18.75,13.87,26.61,0.199,2.688
"Ackerman Clearing","ackerman",1,"24 hour","2020-08-16 00:00:00",1431,0,0.404,0,1.202,18.75,11.3,26.68,1.642,5.025
"Ackerman Clearing","ackerman",1,"24 hour","2020-08-17 00:00:00",1432,0,0.371,0,1.094,17.66,12.74,23.84,2.582,5.863
"Ackerman Clearing","ackerman",1,"24 hour","2020-08-18 00:00:00",1433,0.762,0.288,0,1.61,17.18,14.11,23.76,0.93,3.388
"Ackerman Clearing","ackerman",1,"24 hour","2020-08-19 00:00:00",1434,5.842,0.317,0,1.61,15.33,10.94,21.62,0.572,3.513
"Ackerman Clearing","ackerman",1,"24 hour","2020-08-20 00:00:00",1435,0,0.454,0,1.498,13.65,9.75,20.59,0.455,3.7
"Ackerman Clearing","ackerman",1,"24 hour","2020-08-21 00:00:00",1436,0,0.438,0,1.496,14.66,6.877,22.1,0.424,4.038
"Ackerman Clearing","ackerman",1,"24 hour","2020-08-22 00:00:00",1437,5.842,0.445,0,1.495,17.24,12.7,24.3,0.457,3.738
"Ackerman Clearing","ackerman",1,"24 hour","2020-08-23 00:00:00",1438,3.556,0.381,0,1.61,17.69,13.2,25.01,0.338,3.087
"Ackerman Clearing","ackerman",1,"24 hour","2020-08-24 00:00:00",1439,0,0.392,0,1.215,19.17,11.62,28.46,0.439,2.963
"Ackerman Clearing","ackerman",1,"24 hour","2020-08-25 00:00:00",1440,1.778,0.372,0,1.61,20.28,13.75,28.02,0.501,3.55
"Ackerman Clearing","ackerman",1,"24 hour","2020-08-26 00:00:00",1441,2.286,0.37,0,1.215,17.91,11.42,24.93,1.313,4.188
"Ackerman Clearing","ackerman",1,"24 hour","2020-08-27 00:00:00",1442,0,0.4,0,1.61,11.6,7.641,17.16,1.125,3.975
"Ackerman Clearing","ackerman",1,"24 hour","2020-08-28 00:00:00",1443,13.46,0.203,0,1.61,11.94,8.86,14.13,0.62,3.075
"Ackerman Clearing","ackerman",1,"24 hour","2020-08-29 00:00:00",1444,2.54,0.174,0,1.61,14.17,10.76,20.15,0.57,3.225
"Ackerman Clearing","ackerman",1,"24 hour","2020-08-30 00:00:00",1445,16.51,0.15,0,1.61,15.59,11.99,21.28,1.952,5.188
"Ackerman Clearing","ackerman",1,"24 hour","2020-08-31 00:00:00",1446,0.254,0.235,0,1.61,12.33,9.27,17.56,1.11,3.85
"Ackerman Clearing","ackerman",1,"24 hour","2020-09-01 00:00:00",1447,0,0.216,0,1.61,13.4,6.876,20.68,1.035,4.312
"Ackerman Clearing","ackerman",1,"24 hour","2020-09-02 00:00:00",1448,0.762,0.189,0,0.473,14.27,11.1,16.65,2.803,6.862
"Ackerman Clearing","ackerman",1,"24 hour","2020-09-03 00:00:00",1449,13.21,0.151,0,1.61,16.89,15.18,19.21,3.27,7.8
"Ackerman Clearing","ackerman",1,"24 hour","2020-09-04 00:00:00",1450,0,0.165,0,1.61,16.19,11.99,22.38,0.507,3.263
"Ackerman Clearing","ackerman",1,"24 hour","2020-09-05 00:00:00",1451,0,0.237,0,1.61,15.37,9.6,21.24,1.24,4.813
"Ackerman Clearing","ackerman",1,"24 hour","2020-09-06 00:00:00",1452,0,0.122,0,1.61,12.22,7.142,18.89,0.581,5.288
"Ackerman Clearing","ackerman",1,"24 hour","2020-09-07 00:00:00",1453,0,0.226,0,1.61,13.59,9.22,19.89,0.768,4.225
"Ackerman Clearing","ackerman",1,"24 hour","2020-09-08 00:00:00",1454,0,0.163,0,1.61,16.7,10.15,23.64,3.702,8.84
"Ackerman Clearing","ackerman",1,"24 hour","2020-09-09 00:00:00",1455,0,0.308,0,1.496,19.49,16.32,25.4,0.896,3.488
"Ackerman Clearing","ackerman",1,"24 hour","2020-09-10 00:00:00",1456,0,0.359,0,1.496,20.48,15.38,28.21,1.209,3.688
"Ackerman Clearing","ackerman",1,"24 hour","2020-09-11 00:00:00",1457,0,0.29,0,1.496,18.43,11.59,25.83,0.83,2.963
"Ackerman Clearing","ackerman",1,"24 hour","2020-09-12 00:00:00",1458,0.254,0.307,0,1.497,10.97,5.826,16.33,0.887,3.588
"Ackerman Clearing","ackerman",1,"24 hour","2020-09-13 00:00:00",1459,0,0.275,0,1.497,10.98,1.693,20.04,2.37,5.337
"Ackerman Clearing","ackerman",1,"24 hour","2020-09-14 00:00:00",1460,9.91,0.269,0,1.61,13.77,10.17,16.66,2.741,7.062
"Ackerman Clearing","ackerman",1,"24 hour","2020-09-15 00:00:00",1461,0,0.315,0,0.479,10.22,3.066,14.49,0.954,3.25
"Ackerman Clearing","ackerman",1,"24 hour","2020-09-16 00:00:00",1462,0,0.287,0,0.52,7.624,1.395,15.75,0.606,3.963
"Ackerman Clearing","ackerman",1,"24 hour","2020-09-17 00:00:00",1463,0,0.327,0,1.61,12.01,3.066,21.23,1.936,5.263
"Ackerman Clearing","ackerman",1,"24 hour","2020-09-18 00:00:00",1464,0,0.227,0,1.61,11.55,6.641,14.34,0.485,2.325
"Ackerman Clearing","ackerman",1,"24 hour","2020-09-19 00:00:00",1465,0,0.211,0,1.61,6.004,-0.63,13.53,0.655,3.4
"Ackerman Clearing","ackerman",1,"24 hour","2020-09-20 00:00:00",1466,0,0.116,0,1.61,4.042,-1.521,12.14,0.649,3.35
"Ackerman Clearing","ackerman",1,"24 hour","2020-09-21 00:00:00",1467,0,0.244,0,1.61,5.716,-1.298,14.63,0.463,2.825
"Ackerman Clearing","ackerman",1,"24 hour","2020-09-22 00:00:00",1468,0,0.185,0,1.61,6.44,-1.932,16.48,0.395,2.438
"Ackerman Clearing","ackerman",1,"24 hour","2020-09-23 00:00:00",1469,0,0.149,0,1.61,7.836,0.504,16.49,0.674,3.025
"Ackerman Clearing","ackerman",1,"24 hour","2020-09-24 00:00:00",1470,0,0.193,0,0.489,13.12,5.885,20.36,0.72,3.475
"Ackerman Clearing","ackerman",1,"24 hour","2020-09-25 00:00:00",1471,0,0.233,0,1.61,15.47,9.44,23.3,0.566,3.888
"Ackerman Clearing","ackerman",1,"24 hour","2020-09-26 00:00:00",1472,0,0.164,0,1.61,15.38,7.678,23.61,0.615,3.425
"Ackerman Clearing","ackerman",1,"24 hour","2020-09-27 00:00:00",1473,0,0.131,0,1.61,16.76,8.78,24.84,2.176,6.65
"Ackerman Clearing","ackerman",1,"24 hour","2020-09-28 00:00:00",1474,0,0.127,0,1.61,18.23,15.86,22.44,3.145,6.788
"Ackerman Clearing","ackerman",1,"24 hour","2020-09-29 00:00:00",1475,0,0.242,0,0.467,18.15,15.06,22.83,3.069,6.487
"Ackerman Clearing","ackerman",1,"24 hour","2020-09-30 00:00:00",1476,23.37,0.135,0,1.61,13.98,8.97,18.76,1.874,6.975
"Ackerman Clearing","ackerman",1,"24 hour","2020-10-01 00:00:00",1477,21.84,0.206,0,1.61,10.24,8.56,13.96,1.803,6.013
"Ackerman Clearing","ackerman",1,"24 hour","2020-10-02 00:00:00",1478,0,0.217,0,1.61,11.4,5.532,16.5,1.617,6.45
"Ackerman Clearing","ackerman",1,"24 hour","2020-10-03 00:00:00",1479,0.762,0.183,0,0.431,7.159,4.26,12.96,0.814,4.788
"Ackerman Clearing","ackerman",1,"24 hour","2020-10-04 00:00:00",1480,0.254,0.15,0,0.424,6.056,0.332,10.87,0.298,2.825
"Ackerman Clearing","ackerman",1,"24 hour","2020-10-05 00:00:00",1481,0,0.207,0,1.61,6.413,0.104,12.69,1.861,4.763
"Ackerman Clearing","ackerman",1,"24 hour","2020-10-06 00:00:00",1482,0,0.211,0,0.395,9.12,6.048,12.99,1.079,3.363
"Ackerman Clearing","ackerman",1,"24 hour","2020-10-07 00:00:00",1483,0,0.198,0,1.61,9.77,2.63,16.56,1.865,5.85
"Ackerman Clearing","ackerman",1,"24 hour","2020-10-08 00:00:00",1484,14.48,0.166,0,1.61,9.83,5.435,12.64,1.937,6.275
"Ackerman Clearing","ackerman",1,"24 hour","2020-10-09 00:00:00",1485,0,0.185,0,1.61,3.448,-0.486,9.34,1.502,5.775
"Ackerman Clearing","ackerman",1,"24 hour","2020-10-10 00:00:00",1486,2.54,0.144,0,1.61,5.791,-2.028,13.63,0.975,4.55
"Ackerman Clearing","ackerman",1,"24 hour","2020-10-11 00:00:00",1487,1.524,0.19,0,1.61,15.35,7.433,21.82,1.947,6.25
"Ackerman Clearing","ackerman",1,"24 hour","2020-10-12 00:00:00",1488,0,0.268,0,0.351,6.08,-0.097,13.05,1.704,4.525
"Ackerman Clearing","ackerman",1,"24 hour","2020-10-13 00:00:00",1489,0,0.279,0,0.365,5.795,-0.107,11.56,4.884,9.49
"Ackerman Clearing","ackerman",1,"24 hour","2020-10-14 00:00:00",1490,6.604,0.17,0,0.427,7.265,5.037,9.74,3.377,9.15
"Ackerman Clearing","ackerman",1,"24 hour","2020-10-15 00:00:00",1491,0,0.196,0,0.43,8.13,2.872,15.83,0.763,4.788
"Ackerman Clearing","ackerman",1,"24 hour","2020-10-16 00:00:00",1492,2.286,0.27,0,1.61,12.6,3.422,23.67,3.604,11.39
"Ackerman Clearing","ackerman",1,"24 hour","2020-10-17 00:00:00",1493,8.38,0.056,0,0.44,5.586,1.558,8.14,0.331,2.413
"Ackerman Clearing","ackerman",1,"24 hour","2020-10-18 00:00:00",1494,0,0.172,0,1.61,4.373,-1.255,10.62,0.683,3.7
"Ackerman Clearing","ackerman",1,"24 hour","2020-10-19 00:00:00",1495,0,0.092,0,0.795,5.949,-1.854,11.54,3.783,8.99
"Ackerman Clearing","ackerman",1,"24 hour","2020-10-20 00:00:00",1496,6.604,0.09,0,0.134,9,8.23,9.85,2.691,6.587
"Ackerman Clearing","ackerman",1,"24 hour","2020-10-21 00:00:00",1497,7.112,0.092,0,0.434,9.51,6.409,12.58,1.388,5.875
"Ackerman Clearing","ackerman",1,"24 hour","2020-10-22 00:00:00",1498,8.89,0.078,0,0.418,10.75,6.464,15.5,2.769,6.663
"Ackerman Clearing","ackerman",1,"24 hour","2020-10-23 00:00:00",1499,0.254,0.072,0,1.61,10.03,5.849,13.89,0.87,4.438
"Ackerman Clearing","ackerman",1,"24 hour","2020-10-24 00:00:00",1500,0.254,0.082,0,0.126,14.84,9.66,21.36,3.758,7.638
"Ackerman Clearing","ackerman",1,"24 hour","2020-10-25 00:00:00",1501,3.556,0.089,0,0.114,6.417,0.875,14.77,1.878,6.413
"Ackerman Clearing","ackerman",1,"24 hour","2020-10-26 00:00:00",1502,0,0.107,0,0.163,1.349,-1.401,7.241,1.681,5.975
"Ackerman Clearing","ackerman",1,"24 hour","2020-10-27 00:00:00",1503,9.14,0.094,0,0.161,2.846,-0.186,6.195,3.597,8.5
"Ackerman Clearing","ackerman",1,"24 hour","2020-10-28 00:00:00",1504,0.508,0.076,0,0.156,1.044,-0.476,3.588,0.545,2.813
"Ackerman Clearing","ackerman",1,"24 hour","2020-10-29 00:00:00",1505,3.556,0.091,0,1.61,2.578,-0.437,7.092,0.929,3.225
"Ackerman Clearing","ackerman",1,"24 hour","2020-10-30 00:00:00",1506,5.08,0.099,0,0.43,2.188,-1.002,4.163,0.243,2.913
"Ackerman Clearing","ackerman",1,"24 hour","2020-10-31 00:00:00",1507,0,0.08,0,1.61,-2.612,-6.688,2.327,0.303,2.738
"Ackerman Clearing","ackerman",1,"24 hour","2020-11-01 00:00:00",1508,0,0.074,0,0.143,-2.68,-9.4,4.139,1.732,6.375
"Ackerman Clearing","ackerman",1,"24 hour","2020-11-02 00:00:00",1509,9.14,0.097,0,1.61,0.51,-2.842,3.902,3.786,10.46
"Ackerman Clearing","ackerman",1,"24 hour","2020-11-03 00:00:00",1510,0,0.138,0,1.61,-3.736,-5.674,-0.972,1.978,5.9
"Ackerman Clearing","ackerman",1,"24 hour","2020-11-04 00:00:00",1511,0,0.218,0,1.61,-4.835,-7.971,-0.724,1.434,4.513
"Ackerman Clearing","ackerman",1,"24 hour","2020-11-05 00:00:00",1512,10.67,0.123,0.086,0.169,1.839,-5.867,9.78,3.384,6.212
"Ackerman Clearing","ackerman",1,"24 hour","2020-11-06 00:00:00",1513,0,0.066,0,1.61,9.49,0.371,18.37,1.586,4.025
"Ackerman Clearing","ackerman",1,"24 hour","2020-11-07 00:00:00",1514,0,0.016,0.009,0.027,13.01,8.88,17.82,1.103,4.95
"Ackerman Clearing","ackerman",1,"24 hour","2020-11-08 00:00:00",1515,0,0.016,0.011,0.029,12.87,8.19,20.27,1.228,3.55
"Ackerman Clearing","ackerman",1,"24 hour","2020-11-09 00:00:00",1516,0,0.015,0.01,0.029,13.35,7.358,21.21,0.729,3.438
"Ackerman Clearing","ackerman",1,"24 hour","2020-11-10 00:00:00",1517,0,0.016,0.01,0.028,11.89,3.491,21.73,0.703,3.188
"Ackerman Clearing","ackerman",1,"24 hour","2020-11-11 00:00:00",1518,0,0.016,0.011,0.027,13.14,4.571,21.23,1.469,3.963
"Ackerman Clearing","ackerman",1,"24 hour","2020-11-12 00:00:00",1519,5.588,0.058,0,0.473,13.58,7.946,16.26,2.019,5.612
"Ackerman Clearing","ackerman",1,"24 hour","2020-11-13 00:00:00",1520,0,0.06,0,0.464,2.067,-3.571,8.07,0.956,3.55
"Ackerman Clearing","ackerman",1,"24 hour","2020-11-14 00:00:00",1521,0.254,0.09,0,1.61,-0.169,-4.843,2.38,2.143,6.912
"Ackerman Clearing","ackerman",1,"24 hour","2020-11-15 00:00:00",1522,0,0.017,0,0.027,-0.185,-4.523,3.873,1.047,4.025
"Ackerman Clearing","ackerman",1,"24 hour","2020-11-16 00:00:00",1523,19.56,0.024,0,0.431,0.071,-5.102,5.057,5.295,12.78
"Ackerman Clearing","ackerman",1,"24 hour","2020-11-17 00:00:00",1524,0.762,0.024,0,0.34,0.816,-1.333,3.385,2.016,7.062
"Ackerman Clearing","ackerman",1,"24 hour","2020-11-18 00:00:00",1525,0,0.017,0,0.026,-2.565,-7.765,1.236,1.31,3.85
"Ackerman Clearing","ackerman",1,"24 hour","2020-11-19 00:00:00",1526,0,0.022,0.016,0.03,-9.59,-11.36,-6.285,1.209,3.738
"Ackerman Clearing","ackerman",1,"24 hour","2020-11-20 00:00:00",1527,0.254,0.019,0.011,0.029,-1.822,-10.89,7.241,2.622,8.14
"Ackerman Clearing","ackerman",1,"24 hour","2020-11-21 00:00:00",1528,0,0.015,0.01,0.022,9.39,5.53,13.33,1.302,5.4
"Ackerman Clearing","ackerman",1,"24 hour","2020-11-22 00:00:00",1529,0,0.017,0.01,0.027,2.772,-1.777,7.054,1.257,3.825
"Ackerman Clearing","ackerman",1,"24 hour","2020-11-25 00:00:00",1530,0.254,0.038,0.022,0.052,-5.878,-8.71,-2.803,0.017,2.15
"Ackerman Clearing","ackerman",1,"24 hour","2020-11-26 00:00:00",1531,6.096,0.04,0.012,0.056,-1.689,-7.471,2.321,1.906,7.237
"Ackerman Clearing","ackerman",1,"24 hour","2020-12-09 00:00:00",1532,0,0.039,0.027,0.047,-8.62,-9.8,-7.805,0,0
"Ackerman Clearing","ackerman",1,"24 hour","2020-12-10 00:00:00",1533,0,0.07,0.038,0.102,-4.537,-9.93,-1.394,0,0
"Ackerman Clearing","ackerman",1,"24 hour","2020-12-11 00:00:00",1534,0,0.094,0.078,0.097,-1.613,-2.349,-0.654,0,0
"Ackerman Clearing","ackerman",1,"24 hour","2020-12-12 00:00:00",1535,7.62,0.086,0.076,0.114,0.175,-3.865,5.59,0.633,5.138
"Ackerman Clearing","ackerman",1,"24 hour","2020-12-13 00:00:00",1536,2.032,0.07,0.041,0.081,1.444,-1.326,4.443,3.482,7.675
"Ackerman Clearing","ackerman",1,"24 hour","2020-12-14 00:00:00",1537,0.508,0.027,0.016,0.049,1.594,-2.889,6.017,1.624,5.225
"Ackerman Clearing","ackerman",1,"24 hour","2020-12-15 00:00:00",1538,0,0.018,0.014,0.023,-2.82,-5.037,-1.385,1.143,5.663
"Ackerman Clearing","ackerman",1,"24 hour","2020-12-16 00:00:00",1539,0,0.025,0.02,0.033,-10.49,-16.67,-5.027,1.515,5.062
"Ackerman Clearing","ackerman",1,"24 hour","2020-12-17 00:00:00",1540,0,0.029,0.024,0.048,-13.69,-18.17,-9.81,2.425,6.687
"Ackerman Clearing","ackerman",1,"24 hour","2020-12-18 00:00:00",1541,0,0.136,0.131,0.14,-11.14,-13.91,-8.43,0.888,2.188
"Ackerman Clearing","ackerman",1,"24 hour","2020-12-19 00:00:00",1542,0.254,0.125,0.111,0.141,-11.48,-15.99,-3.175,1.058,3.125
"Ackerman Clearing","ackerman",1,"24 hour","2020-12-20 00:00:00",1543,0,0.122,0.114,0.141,-9.85,-17.07,-4.02,1.162,4.662
"Ackerman Clearing","ackerman",1,"24 hour","2020-12-21 00:00:00",1544,0,0.128,0.089,0.155,-4.725,-6.599,-3.313,3.09,6.525
"Ackerman Clearing","ackerman",1,"24 hour","2020-12-22 00:00:00",1545,0,0.146,0.134,0.164,-1.675,-3.323,0.893,0.986,3.363
"Ackerman Clearing","ackerman",1,"24 hour","2020-12-23 00:00:00",1546,0,0.157,0.11,0.187,-2.454,-6.593,-1.116,1.189,4.325
"Ackerman Clearing","ackerman",1,"24 hour","2020-12-24 00:00:00",1547,0,0.167,0.162,0.171,-6.06,-11.83,-2.858,2.737,9.3
"Ackerman Clearing","ackerman",1,"24 hour","2020-12-25 00:00:00",1548,42.16,0.131,0.025,0.166,2.315,-4.273,9.75,5.765,10.7
"Ackerman Clearing","ackerman",1,"24 hour","2020-12-26 00:00:00",1549,31.75,0.019,0.014,0.046,6.198,-3.769,12.82,4.452,11.99
"Ackerman Clearing","ackerman",1,"24 hour","2020-12-27 00:00:00",1550,0,0.04,0.013,0.102,-6.821,-8.26,-3.759,1.779,5.737
"Ackerman Clearing","ackerman",1,"24 hour","2020-12-28 00:00:00",1551,0,0.097,0,1.61,-6.113,-7.76,-4.606,1.954,7.75
"Ackerman Clearing","ackerman",1,"24 hour","2020-12-29 00:00:00",1552,0,0.089,0.048,0.14,-3.306,-6.425,0.922,3.573,9.99
"Ackerman Clearing","ackerman",1,"24 hour","2020-12-30 00:00:00",1553,0,0.119,0.109,0.142,-9.78,-14.63,-4.669,1.314,4.825
"Ackerman Clearing","ackerman",1,"24 hour","2020-12-31 00:00:00",1554,0,0.107,0.095,0.112,-7.467,-14.31,-1.374,3.362,9.14
